timestamp,county_id,rainfall_24h_in,rainfall_72h_accum_in,temperature_f,humidity_percent
2025-04-01,Cass ND,32.55,107.18,71.5,76.4
2025-04-02,Cass ND,115.99,225.68,47.9,59.7
2025-04-03,Cass ND,62.04,141.21,66.2,37.4
2025-04-04,Cass ND,29.07,61.77,69.1,32.1
2025-04-05,Cass ND,24.49,84.07,80.7,86.3
2025-04-06,Cass ND,9.73,30.15,80.8,75.8
2025-04-07,Cass ND,20.39,44.0,66.8,64.8
2025-04-08,Cass ND,7.55,14.74,81.4,69.7
2025-04-09,Cass ND,13.97,40.07,82.1,35.8
2025-04-10,Cass ND,32.43,62.66,57.3,77.9
2025-04-11,Cass ND,14.17,24.27,48.2,88.0
2025-04-12,Cass ND,14.15,25.92,41.7,75.6
2025-04-13,Cass ND,13.56,45.88,83.9,79.7
2025-04-14,Cass ND,69.19,161.63,69.0,32.3
2025-04-15,Cass ND,38.78,131.9,65.4,43.8
2025-04-16,Cass ND,13.05,24.1,46.6,77.2
2025-04-17,Cass ND,43.0,96.26,81.8,63.5
2025-04-18,Cass ND,33.32,87.93,40.6,52.0
2025-04-19,Cass ND,22.84,64.17,82.1,43.0
2025-04-20,Cass ND,14.91,27.05,43.7,75.1
2025-04-21,Cass ND,17.23,43.22,82.2,53.2
2025-04-22,Cass ND,6.43,11.13,60.3,93.6
2025-04-23,Cass ND,19.69,30.66,53.6,93.6
2025-04-24,Cass ND,29.18,63.84,40.1,74.7
2025-04-25,Cass ND,15.07,41.79,71.7,93.3
2025-04-26,Cass ND,28.32,81.0,55.1,81.8
2025-04-27,Cass ND,29.02,78.77,82.2,55.4
2025-04-28,Cass ND,63.73,201.85,82.4,91.7
2025-04-29,Cass ND,11.2,20.51,46.5,30.1
2025-04-30,Cass ND,77.25,195.4,83.6,58.5
2025-05-01,Cass ND,67.92,184.01,61.6,41.0
2025-05-02,Cass ND,2.73,8.06,41.3,70.7
2025-05-03,Cass ND,74.91,187.18,70.0,79.8
2025-05-04,Cass ND,7.03,21.35,58.3,34.7
2025-05-05,Cass ND,26.61,68.13,49.6,52.0
2025-05-06,Cass ND,8.27,22.9,51.5,48.5
2025-05-07,Cass ND,62.23,154.74,49.7,58.0
2025-05-08,Cass ND,53.99,126.45,69.4,46.1
2025-05-09,Cass ND,13.35,30.87,61.1,91.7
2025-05-10,Cass ND,70.42,117.63,77.0,35.5
2025-05-11,Cass ND,41.83,106.73,64.2,53.8
2025-05-12,Cass ND,19.45,36.2,73.2,75.2
2025-05-13,Cass ND,48.29,160.57,47.1,93.9
2025-05-14,Cass ND,40.61,133.84,42.4,82.9
2025-05-15,Cass ND,5.33,8.26,81.5,45.8
2025-05-16,Cass ND,64.93,210.36,70.7,89.6
2025-05-17,Cass ND,14.74,46.78,83.0,84.9
2025-05-18,Cass ND,32.16,94.14,48.8,62.3
2025-05-19,Cass ND,36.86,85.0,43.9,83.8
2025-05-20,Cass ND,17.89,58.1,69.1,32.4
2025-05-21,Cass ND,26.84,68.83,84.4,85.1
2025-05-22,Cass ND,12.97,39.31,43.6,34.8
2025-05-23,Cass ND,21.31,41.96,51.1,89.3
2025-05-24,Cass ND,30.54,48.02,68.9,67.3
2025-05-25,Cass ND,72.63,172.67,84.5,36.6
2025-05-26,Cass ND,29.91,54.25,69.8,39.7
2025-05-27,Cass ND,90.39,174.02,83.5,83.1
2025-05-28,Cass ND,7.43,11.42,49.2,34.4
2025-05-29,Cass ND,8.29,26.16,52.1,37.2
2025-05-30,Cass ND,21.42,68.26,77.7,80.6
2025-05-31,Cass ND,101.79,168.43,42.8,91.9
2025-06-01,Cass ND,37.09,63.27,57.5,94.3
2025-06-02,Cass ND,54.21,186.5,68.9,33.8
2025-06-03,Cass ND,15.65,46.23,49.1,30.1
2025-06-04,Cass ND,43.9,150.4,83.9,67.3
2025-06-05,Cass ND,15.5,46.34,68.5,39.8
2025-06-06,Cass ND,19.27,50.81,41.3,36.1
2025-06-07,Cass ND,127.58,327.18,71.1,84.3
2025-06-08,Cass ND,21.05,65.67,74.4,56.1
2025-06-09,Cass ND,62.49,197.89,67.9,68.8
2025-06-10,Cass ND,52.66,127.96,67.0,30.9
2025-06-11,Cass ND,18.28,31.41,82.3,31.9
2025-06-12,Cass ND,57.52,138.87,63.7,60.4
2025-06-13,Cass ND,51.09,161.6,79.7,90.6
2025-06-14,Cass ND,96.97,162.73,51.2,51.9
2025-06-15,Cass ND,42.64,131.85,81.0,69.9
2025-06-16,Cass ND,62.93,203.95,56.7,63.6
2025-06-17,Cass ND,30.83,70.25,71.7,80.5
2025-06-18,Cass ND,9.66,17.45,57.4,54.9
2025-06-19,Cass ND,12.83,28.26,55.0,45.8
2025-06-20,Cass ND,74.06,160.02,43.2,32.2
2025-06-21,Cass ND,9.2,19.59,40.5,83.6
2025-06-22,Cass ND,88.37,238.43,60.0,56.8
2025-06-23,Cass ND,60.21,117.61,59.6,84.6
2025-06-24,Cass ND,26.01,80.84,55.7,74.3
2025-06-25,Cass ND,42.12,78.13,47.9,63.0
2025-06-26,Cass ND,39.5,74.04,76.4,92.8
2025-06-27,Cass ND,25.79,42.34,71.5,71.4
2025-06-28,Cass ND,72.19,204.07,76.8,62.3
2025-06-29,Cass ND,37.75,61.05,42.8,89.2
2025-06-30,Cass ND,55.52,106.85,68.2,46.9
2025-07-01,Cass ND,76.24,219.38,83.0,57.2
2025-07-02,Cass ND,19.56,39.82,68.1,65.6
2025-07-03,Cass ND,70.12,173.45,79.7,84.2
2025-07-04,Cass ND,10.52,30.92,73.8,56.7
2025-07-05,Cass ND,27.81,91.23,59.6,30.1
2025-07-06,Cass ND,23.19,65.39,70.2,86.8
2025-07-07,Cass ND,24.98,51.1,46.2,80.5
2025-07-08,Cass ND,70.19,241.19,46.0,86.0
2025-07-09,Cass ND,22.91,79.94,69.5,72.1
2025-07-10,Cass ND,24.78,45.78,74.3,32.3
2025-07-11,Cass ND,11.66,34.35,47.9,79.2
2025-07-12,Cass ND,32.05,60.24,76.8,81.3
2025-07-13,Cass ND,40.4,127.46,71.4,59.8
2025-07-14,Cass ND,48.0,145.2,40.0,84.4
2025-07-15,Cass ND,10.9,28.71,74.8,53.0
2025-07-16,Cass ND,91.82,246.83,64.2,65.6
2025-07-17,Cass ND,11.0,27.12,44.8,79.3
2025-07-18,Cass ND,21.69,61.32,60.8,70.1
2025-07-19,Cass ND,38.45,92.09,61.0,30.1
2025-07-20,Cass ND,42.06,146.81,77.0,57.8
2025-07-21,Cass ND,7.44,16.93,77.7,31.5
2025-07-22,Cass ND,17.57,39.15,46.7,80.1
2025-07-23,Cass ND,28.23,72.01,40.9,92.3
2025-07-24,Cass ND,20.25,65.98,47.1,74.8
2025-07-25,Cass ND,17.71,31.86,66.3,65.6
2025-07-26,Cass ND,45.79,138.12,75.2,49.9
2025-07-27,Cass ND,21.27,73.72,57.1,68.8
2025-07-28,Cass ND,37.41,56.38,49.4,76.5
2025-07-29,Cass ND,18.42,53.02,74.3,78.5
2025-07-30,Cass ND,7.44,12.0,81.8,38.3
2025-07-31,Cass ND,13.85,25.08,49.7,62.7
2025-04-01,Clay MN,9.98,30.63,63.7,41.8
2025-04-02,Clay MN,84.98,178.31,75.0,83.1
2025-04-03,Clay MN,20.9,32.53,79.1,48.9
2025-04-04,Clay MN,26.85,70.83,84.1,81.8
2025-04-05,Clay MN,35.32,66.52,57.6,77.7
2025-04-06,Clay MN,15.04,36.51,69.2,47.3
2025-04-07,Clay MN,37.89,116.12,76.0,60.1
2025-04-08,Clay MN,22.15,65.17,50.8,91.8
2025-04-09,Clay MN,60.51,164.47,56.8,83.6
2025-04-10,Clay MN,73.17,116.52,47.0,61.3
2025-04-11,Clay MN,98.38,315.23,75.1,61.6
2025-04-12,Clay MN,63.54,186.94,70.9,89.1
2025-04-13,Clay MN,39.64,109.93,83.2,73.6
2025-04-14,Clay MN,4.55,15.16,74.3,93.3
2025-04-15,Clay MN,30.03,97.75,40.3,82.2
2025-04-16,Clay MN,7.24,23.56,74.9,71.4
2025-04-17,Clay MN,64.56,110.13,51.0,30.2
2025-04-18,Clay MN,40.48,129.32,82.5,67.6
2025-04-19,Clay MN,32.1,101.9,43.8,88.9
2025-04-20,Clay MN,154.08,403.26,70.1,79.5
2025-04-21,Clay MN,11.5,26.45,57.5,61.9
2025-04-22,Clay MN,28.0,87.42,59.2,44.2
2025-04-23,Clay MN,14.06,27.15,60.8,48.0
2025-04-24,Clay MN,17.98,27.35,48.5,92.1
2025-04-25,Clay MN,90.44,157.27,42.0,54.7
2025-04-26,Clay MN,18.35,57.58,76.7,86.1
2025-04-27,Clay MN,62.47,152.05,65.0,88.5
2025-04-28,Clay MN,12.17,31.3,53.2,52.0
2025-04-29,Clay MN,38.31,128.94,71.9,76.0
2025-04-30,Clay MN,62.14,144.02,54.6,44.7
2025-05-01,Clay MN,8.67,19.19,46.9,33.6
2025-05-02,Clay MN,60.38,180.89,55.1,30.0
2025-05-03,Clay MN,33.41,60.03,57.1,89.4
2025-05-04,Clay MN,3.66,12.19,60.3,83.7
2025-05-05,Clay MN,19.6,36.35,65.2,73.6
2025-05-06,Clay MN,16.85,36.18,57.2,67.7
2025-05-07,Clay MN,22.06,42.54,76.1,79.4
2025-05-08,Clay MN,39.04,119.78,61.7,42.8
2025-05-09,Clay MN,46.27,156.02,51.4,88.7
2025-05-10,Clay MN,37.0,101.97,81.8,58.0
2025-05-11,Clay MN,88.26,224.51,61.4,34.9
2025-05-12,Clay MN,54.92,188.02,64.3,63.5
2025-05-13,Clay MN,3.72,13.02,76.8,80.1
2025-05-14,Clay MN,31.58,51.97,49.9,30.5
2025-05-15,Clay MN,16.47,48.33,66.0,51.6
2025-05-16,Clay MN,23.26,50.85,82.8,37.9
2025-05-17,Clay MN,9.5,27.52,50.6,48.0
2025-05-18,Clay MN,79.7,197.39,69.6,75.0
2025-05-19,Clay MN,55.75,84.36,63.1,73.3
2025-05-20,Clay MN,57.82,149.41,58.8,60.5
2025-05-21,Clay MN,25.57,39.36,44.4,77.2
2025-05-22,Clay MN,59.92,169.05,44.3,69.1
2025-05-23,Clay MN,32.84,87.76,72.0,74.2
2025-05-24,Clay MN,18.71,28.84,79.6,76.4
2025-05-25,Clay MN,78.06,238.48,47.5,83.4
2025-05-26,Clay MN,42.76,66.12,79.7,55.3
2025-05-27,Clay MN,32.72,103.93,82.3,73.3
2025-05-28,Clay MN,39.0,112.13,66.5,77.6
2025-05-29,Clay MN,23.36,57.56,41.5,53.2
2025-05-30,Clay MN,65.58,207.51,59.8,78.1
2025-05-31,Clay MN,22.56,48.16,47.7,85.7
2025-06-01,Clay MN,47.12,134.19,58.5,59.7
2025-06-02,Clay MN,27.71,85.6,55.6,88.5
2025-06-03,Clay MN,20.03,64.2,62.7,74.9
2025-06-04,Clay MN,47.55,164.87,44.8,34.6
2025-06-05,Clay MN,33.72,113.27,79.2,69.3
2025-06-06,Clay MN,17.39,55.8,78.8,53.1
2025-06-07,Clay MN,61.24,118.96,48.9,46.0
2025-06-08,Clay MN,78.4,219.82,68.8,41.4
2025-06-09,Clay MN,57.19,166.45,84.3,31.1
2025-06-10,Clay MN,40.81,125.11,51.1,42.4
2025-06-11,Clay MN,52.76,133.83,54.1,92.4
2025-06-12,Clay MN,29.63,49.03,56.6,35.7
2025-06-13,Clay MN,51.87,168.5,62.0,79.1
2025-06-14,Clay MN,62.32,120.73,49.1,76.8
2025-06-15,Clay MN,13.33,27.67,79.3,42.5
2025-06-16,Clay MN,97.53,189.35,43.9,76.7
2025-06-17,Clay MN,14.38,23.69,46.5,88.2
2025-06-18,Clay MN,48.35,99.43,79.8,69.0
2025-06-19,Clay MN,86.49,234.1,53.7,39.0
2025-06-20,Clay MN,45.14,134.3,84.3,52.9
2025-06-21,Clay MN,12.72,22.04,43.4,35.4
2025-06-22,Clay MN,99.8,290.17,60.6,30.9
2025-06-23,Clay MN,40.27,125.44,81.2,36.1
2025-06-24,Clay MN,35.33,64.95,65.1,60.0
2025-06-25,Clay MN,21.21,58.15,65.9,75.3
2025-06-26,Clay MN,10.75,18.67,82.9,68.4
2025-06-27,Clay MN,56.6,172.79,43.0,80.4
2025-06-28,Clay MN,72.7,123.31,48.9,79.2
2025-06-29,Clay MN,46.37,159.21,50.7,91.6
2025-06-30,Clay MN,29.91,47.21,62.8,50.5
2025-07-01,Clay MN,12.76,39.03,48.8,60.1
2025-07-02,Clay MN,50.34,79.05,63.8,54.0
2025-07-03,Clay MN,37.0,100.0,73.7,89.9
2025-07-04,Clay MN,47.19,142.98,41.1,45.7
2025-07-05,Clay MN,35.94,122.16,63.6,57.5
2025-07-06,Clay MN,19.84,36.74,71.8,45.7
2025-07-07,Clay MN,21.76,63.27,68.7,87.4
2025-07-08,Clay MN,22.99,77.24,63.2,89.3
2025-07-09,Clay MN,130.78,344.95,67.6,40.2
2025-07-10,Clay MN,54.26,96.94,74.9,30.4
2025-07-11,Clay MN,13.22,45.6,50.4,86.6
2025-07-12,Clay MN,15.06,46.61,81.4,86.8
2025-07-13,Clay MN,6.94,20.45,46.5,42.8
2025-07-14,Clay MN,29.73,85.09,80.9,45.9
2025-07-15,Clay MN,8.73,14.7,83.2,30.2
2025-07-16,Clay MN,34.23,62.6,78.1,93.0
2025-07-17,Clay MN,49.02,141.68,84.8,58.3
2025-07-18,Clay MN,19.26,59.51,71.0,93.2
2025-07-19,Clay MN,21.51,48.59,65.1,67.5
2025-07-20,Clay MN,38.98,128.03,54.7,56.7
2025-07-21,Clay MN,30.45,85.92,56.1,58.0
2025-07-22,Clay MN,14.87,31.67,66.0,87.9
2025-07-23,Clay MN,28.19,75.11,57.3,43.2
2025-07-24,Clay MN,36.04,115.82,73.4,81.1
2025-07-25,Clay MN,6.28,13.77,64.1,81.6
2025-07-26,Clay MN,8.47,13.42,81.3,87.7
2025-07-27,Clay MN,27.95,96.57,84.4,62.0
2025-07-28,Clay MN,33.06,64.56,68.8,60.2
2025-07-29,Clay MN,32.22,87.21,78.9,46.6
2025-07-30,Clay MN,48.52,114.79,81.6,78.1
2025-07-31,Clay MN,21.79,36.52,47.6,44.6
2025-04-01,Polk MN,9.56,32.21,40.8,77.5
2025-04-02,Polk MN,23.02,56.3,62.1,74.2
2025-04-03,Polk MN,17.21,30.66,70.0,48.1
2025-04-04,Polk MN,8.87,16.43,63.3,38.9
2025-04-05,Polk MN,21.26,50.21,79.0,72.2
2025-04-06,Polk MN,6.41,11.15,78.9,53.8
2025-04-07,Polk MN,14.23,47.45,44.7,41.3
2025-04-08,Polk MN,31.86,84.3,67.7,85.2
2025-04-09,Polk MN,55.6,192.88,41.3,54.3
2025-04-10,Polk MN,68.62,217.99,68.3,79.7
2025-04-11,Polk MN,14.07,48.12,58.4,63.7
2025-04-12,Polk MN,34.78,115.03,69.8,44.6
2025-04-13,Polk MN,12.81,21.8,66.5,88.6
2025-04-14,Polk MN,46.88,161.87,66.2,83.6
2025-04-15,Polk MN,22.79,64.33,73.7,42.4
2025-04-16,Polk MN,77.39,232.37,70.1,30.4
2025-04-17,Polk MN,146.14,364.08,64.3,89.9
2025-04-18,Polk MN,3.99,9.29,68.3,53.8
2025-04-19,Polk MN,26.54,45.08,70.8,87.6
2025-04-20,Polk MN,33.17,113.3,76.5,82.0
2025-04-21,Polk MN,8.19,28.23,62.7,38.0
2025-04-22,Polk MN,31.56,92.31,54.6,87.7
2025-04-23,Polk MN,47.05,84.9,50.7,51.3
2025-04-24,Polk MN,63.1,140.5,47.1,58.8
2025-04-25,Polk MN,19.19,40.62,81.5,52.0
2025-04-26,Polk MN,44.12,98.81,76.3,58.7
2025-04-27,Polk MN,127.41,252.68,50.5,56.2
2025-04-28,Polk MN,16.13,38.41,73.4,51.3
2025-04-29,Polk MN,120.43,257.62,52.0,48.3
2025-04-30,Polk MN,51.66,131.83,69.0,41.0
2025-05-01,Polk MN,53.15,100.38,57.2,63.8
2025-05-02,Polk MN,36.25,113.56,55.2,72.2
2025-05-03,Polk MN,59.13,199.66,60.0,77.8
2025-05-04,Polk MN,13.71,23.36,72.6,33.7
2025-05-05,Polk MN,13.91,46.66,41.7,79.6
2025-05-06,Polk MN,34.36,97.87,68.2,49.2
2025-05-07,Polk MN,19.49,29.56,74.1,59.3
2025-05-08,Polk MN,56.1,144.98,44.4,94.8
2025-05-09,Polk MN,95.85,285.66,73.7,61.5
2025-05-10,Polk MN,36.65,123.71,65.9,36.4
2025-05-11,Polk MN,37.02,72.07,41.3,39.6
2025-05-12,Polk MN,28.35,89.59,63.1,61.0
2025-05-13,Polk MN,12.82,34.83,53.3,39.6
2025-05-14,Polk MN,9.02,19.79,66.5,36.6
2025-05-15,Polk MN,14.84,44.23,42.7,90.1
2025-05-16,Polk MN,27.99,93.29,78.1,60.1
2025-05-17,Polk MN,16.47,26.1,65.0,39.6
2025-05-18,Polk MN,4.13,12.03,55.6,59.7
2025-05-19,Polk MN,29.95,46.46,51.7,32.1
2025-05-20,Polk MN,46.43,103.2,40.3,37.5
2025-05-21,Polk MN,5.86,15.95,76.2,90.0
2025-05-22,Polk MN,110.38,297.53,75.9,55.2
2025-05-23,Polk MN,30.5,71.14,73.0,54.5
2025-05-24,Polk MN,35.67,67.0,54.2,73.7
2025-05-25,Polk MN,9.54,25.23,48.7,52.4
2025-05-26,Polk MN,8.31,13.41,42.8,39.0
2025-05-27,Polk MN,5.31,14.34,40.5,41.4
2025-05-28,Polk MN,37.98,95.1,75.2,42.5
2025-05-29,Polk MN,60.4,151.0,60.6,43.6
2025-05-30,Polk MN,42.35,96.52,78.4,44.4
2025-05-31,Polk MN,39.36,121.63,75.0,55.2
2025-06-01,Polk MN,108.75,370.19,46.1,47.5
2025-06-02,Polk MN,14.82,41.46,42.5,94.9
2025-06-03,Polk MN,44.2,102.48,43.6,41.8
2025-06-04,Polk MN,50.44,97.66,70.5,48.8
2025-06-05,Polk MN,8.42,17.52,50.8,58.6
2025-06-06,Polk MN,12.29,30.19,51.2,92.6
2025-06-07,Polk MN,15.12,35.71,40.7,73.7
2025-06-08,Polk MN,1.64,4.75,43.0,58.2
2025-06-09,Polk MN,38.43,64.89,49.3,44.3
2025-06-10,Polk MN,34.48,91.79,68.9,33.6
2025-06-11,Polk MN,18.56,54.68,63.5,94.3
2025-06-12,Polk MN,48.03,120.03,74.4,34.9
2025-06-13,Polk MN,18.11,60.51,55.4,68.3
2025-06-14,Polk MN,2.61,7.77,40.2,71.9
2025-06-15,Polk MN,32.31,68.77,51.8,65.3
2025-06-16,Polk MN,50.81,97.87,43.0,44.1
2025-06-17,Polk MN,17.24,31.68,45.0,84.6
2025-06-18,Polk MN,37.19,60.31,83.1,60.9
2025-06-19,Polk MN,53.14,102.79,76.9,87.3
2025-06-20,Polk MN,68.54,164.28,67.4,82.9
2025-06-21,Polk MN,34.01,118.81,71.5,47.4
2025-06-22,Polk MN,50.28,89.92,63.5,82.4
2025-06-23,Polk MN,34.79,121.52,42.8,85.5
2025-06-24,Polk MN,22.85,54.33,55.3,41.7
2025-06-25,Polk MN,25.19,51.35,82.9,70.3
2025-06-26,Polk MN,47.05,131.25,51.8,87.1
2025-06-27,Polk MN,1.84,5.91,66.4,46.2
2025-06-28,Polk MN,9.28,14.31,68.8,75.4
2025-06-29,Polk MN,25.57,75.19,57.6,52.7
2025-06-30,Polk MN,18.41,37.41,71.8,45.4
2025-07-01,Polk MN,43.7,144.07,75.1,49.9
2025-07-02,Polk MN,2.26,5.28,71.6,31.2
2025-07-03,Polk MN,24.46,73.38,67.4,68.4
2025-07-04,Polk MN,31.31,49.86,51.6,67.2
2025-07-05,Polk MN,73.29,147.88,79.7,43.2
2025-07-06,Polk MN,25.37,84.18,57.5,73.3
2025-07-07,Polk MN,12.11,27.97,74.2,32.8
2025-07-08,Polk MN,19.35,56.9,53.8,65.2
2025-07-09,Polk MN,84.12,285.94,60.3,59.3
2025-07-10,Polk MN,33.0,102.69,83.0,48.1
2025-07-11,Polk MN,63.35,219.68,60.3,38.2
2025-07-12,Polk MN,25.01,45.48,45.2,90.1
2025-07-13,Polk MN,32.17,70.11,69.8,93.0
2025-07-14,Polk MN,60.99,182.62,73.8,75.9
2025-07-15,Polk MN,40.15,93.88,63.5,89.6
2025-07-16,Polk MN,48.99,161.43,83.6,31.8
2025-07-17,Polk MN,30.97,58.58,57.6,87.2
2025-07-18,Polk MN,8.05,27.84,77.0,58.3
2025-07-19,Polk MN,29.4,48.35,48.1,46.8
2025-07-20,Polk MN,102.03,262.92,81.2,73.3
2025-07-21,Polk MN,27.56,78.01,51.4,79.9
2025-07-22,Polk MN,31.34,63.94,73.6,55.4
2025-07-23,Polk MN,50.14,172.48,48.1,37.1
2025-07-24,Polk MN,60.48,161.93,71.8,46.1
2025-07-25,Polk MN,3.79,10.33,76.6,51.9
2025-07-26,Polk MN,17.1,55.29,66.5,36.8
2025-07-27,Polk MN,27.28,85.8,57.5,85.6
2025-07-28,Polk MN,53.64,84.15,59.9,44.4
2025-07-29,Polk MN,19.01,38.81,62.7,44.8
2025-07-30,Polk MN,16.45,47.07,63.0,77.1
2025-07-31,Polk MN,26.79,72.8,51.3,31.2
2025-04-01,Walsh ND,28.62,73.13,48.6,39.7
2025-04-02,Walsh ND,14.24,36.61,44.5,72.1
2025-04-03,Walsh ND,22.27,43.24,42.4,44.5
2025-04-04,Walsh ND,68.56,109.78,84.6,34.6
2025-04-05,Walsh ND,23.95,78.39,58.3,86.0
2025-04-06,Walsh ND,53.61,131.73,56.3,67.5
2025-04-07,Walsh ND,24.73,62.66,83.3,38.3
2025-04-08,Walsh ND,10.58,16.37,74.3,90.1
2025-04-09,Walsh ND,97.65,171.72,47.7,37.9
2025-04-10,Walsh ND,5.71,12.83,65.2,54.7
2025-04-11,Walsh ND,49.39,109.08,66.3,64.2
2025-04-12,Walsh ND,34.6,106.27,65.1,46.6
2025-04-13,Walsh ND,16.95,30.9,72.8,60.6
2025-04-14,Walsh ND,15.9,42.57,65.7,73.8
2025-04-15,Walsh ND,43.39,138.96,75.4,48.4
2025-04-16,Walsh ND,13.2,28.64,72.6,67.1
2025-04-17,Walsh ND,14.61,40.66,54.9,67.3
2025-04-18,Walsh ND,3.97,6.58,80.2,66.1
2025-04-19,Walsh ND,32.52,96.64,65.0,53.4
2025-04-20,Walsh ND,24.93,72.88,72.0,66.2
2025-04-21,Walsh ND,15.04,28.79,75.1,49.0
2025-04-22,Walsh ND,4.15,13.58,62.3,53.9
2025-04-23,Walsh ND,79.56,227.35,48.9,51.4
2025-04-24,Walsh ND,6.09,19.08,55.4,52.2
2025-04-25,Walsh ND,43.6,79.67,41.7,33.1
2025-04-26,Walsh ND,46.96,153.96,44.0,35.3
2025-04-27,Walsh ND,21.26,51.52,78.1,91.9
2025-04-28,Walsh ND,10.39,30.09,53.3,79.0
2025-04-29,Walsh ND,31.19,50.62,55.1,40.5
2025-04-30,Walsh ND,3.56,7.3,48.5,55.3
2025-05-01,Walsh ND,33.89,106.87,70.0,86.7
2025-05-02,Walsh ND,55.23,138.13,73.9,64.6
2025-05-03,Walsh ND,37.7,95.32,57.7,87.7
2025-05-04,Walsh ND,24.06,73.17,74.5,72.2
2025-05-05,Walsh ND,12.19,19.47,78.8,45.3
2025-05-06,Walsh ND,33.73,67.04,54.1,90.8
2025-05-07,Walsh ND,42.03,85.83,49.2,84.8
2025-05-08,Walsh ND,11.64,37.27,57.4,69.5
2025-05-09,Walsh ND,60.19,189.52,74.3,68.5
2025-05-10,Walsh ND,27.99,57.22,61.6,93.8
2025-05-11,Walsh ND,19.61,33.86,77.9,49.9
2025-05-12,Walsh ND,39.87,81.86,80.6,67.1
2025-05-13,Walsh ND,15.85,55.16,50.8,62.8
2025-05-14,Walsh ND,47.73,99.65,55.8,45.3
2025-05-15,Walsh ND,14.34,47.1,42.9,36.3
2025-05-16,Walsh ND,35.44,103.17,77.3,66.2
2025-05-17,Walsh ND,14.44,35.2,83.6,66.7
2025-05-18,Walsh ND,45.16,103.62,46.9,35.9
2025-05-19,Walsh ND,19.17,38.6,66.4,32.8
2025-05-20,Walsh ND,25.73,88.4,55.5,76.9
2025-05-21,Walsh ND,74.03,119.43,40.9,92.6
2025-05-22,Walsh ND,36.06,119.62,68.0,47.1
2025-05-23,Walsh ND,24.31,40.04,60.7,87.8
2025-05-24,Walsh ND,48.68,108.08,79.2,92.3
2025-05-25,Walsh ND,63.83,191.62,53.0,55.3
2025-05-26,Walsh ND,61.52,106.8,80.8,56.3
2025-05-27,Walsh ND,75.03,218.14,60.0,73.0
2025-05-28,Walsh ND,19.73,47.27,42.8,60.5
2025-05-29,Walsh ND,30.87,73.05,64.6,54.4
2025-05-30,Walsh ND,47.18,159.13,58.1,48.2
2025-05-31,Walsh ND,143.87,242.23,64.5,83.7
2025-06-01,Walsh ND,77.43,149.97,54.7,74.4
2025-06-02,Walsh ND,93.9,304.7,43.1,86.5
2025-06-03,Walsh ND,49.3,121.09,70.1,50.3
2025-06-04,Walsh ND,47.37,85.11,77.9,33.2
2025-06-05,Walsh ND,71.67,166.26,84.2,47.5
2025-06-06,Walsh ND,11.31,26.94,42.3,30.5
2025-06-07,Walsh ND,32.75,95.88,61.2,36.0
2025-06-08,Walsh ND,25.81,69.59,45.7,41.9
2025-06-09,Walsh ND,77.95,175.88,76.3,71.1
2025-06-10,Walsh ND,40.33,75.71,56.1,44.6
2025-06-11,Walsh ND,25.8,79.63,66.5,67.1
2025-06-12,Walsh ND,77.64,215.9,68.2,75.0
2025-06-13,Walsh ND,30.03,70.43,49.6,75.2
2025-06-14,Walsh ND,6.19,18.32,77.0,71.8
2025-06-15,Walsh ND,25.47,67.03,76.3,48.1
2025-06-16,Walsh ND,16.3,49.2,83.1,72.5
2025-06-17,Walsh ND,7.29,14.02,62.8,83.6
2025-06-18,Walsh ND,19.75,33.14,54.5,63.0
2025-06-19,Walsh ND,33.57,103.75,67.4,92.0
2025-06-20,Walsh ND,26.58,40.92,82.8,51.2
2025-06-21,Walsh ND,52.93,126.26,48.7,60.6
2025-06-22,Walsh ND,25.88,76.12,52.1,53.9
2025-06-23,Walsh ND,50.49,93.15,80.5,79.9
2025-06-24,Walsh ND,46.99,153.12,68.2,38.2
2025-06-25,Walsh ND,37.31,121.75,68.1,60.2
2025-06-26,Walsh ND,16.68,33.8,83.0,30.1
2025-06-27,Walsh ND,14.03,26.87,77.0,83.4
2025-06-28,Walsh ND,28.1,58.1,72.0,46.2
2025-06-29,Walsh ND,4.94,11.1,60.7,57.8
2025-06-30,Walsh ND,54.68,161.47,60.2,75.4
2025-07-01,Walsh ND,39.35,135.31,77.4,77.1
2025-07-02,Walsh ND,28.41,45.31,80.6,40.7
2025-07-03,Walsh ND,32.68,106.13,71.8,79.9
2025-07-04,Walsh ND,8.21,18.27,50.3,90.0
2025-07-05,Walsh ND,41.2,64.82,76.9,40.4
2025-07-06,Walsh ND,14.76,50.77,66.9,92.3
2025-07-07,Walsh ND,22.46,42.74,67.2,58.6
2025-07-08,Walsh ND,28.39,51.26,53.4,68.5
2025-07-09,Walsh ND,29.78,99.68,46.5,50.7
2025-07-10,Walsh ND,48.85,90.53,46.5,37.0
2025-07-11,Walsh ND,11.13,18.64,82.9,63.4
2025-07-12,Walsh ND,114.2,335.67,45.3,88.2
2025-07-13,Walsh ND,5.59,10.69,65.8,90.9
2025-07-14,Walsh ND,29.66,97.78,52.5,53.2
2025-07-15,Walsh ND,30.34,50.38,78.6,82.6
2025-07-16,Walsh ND,47.22,90.13,51.6,77.8
2025-07-17,Walsh ND,19.56,54.57,72.2,48.9
2025-07-18,Walsh ND,77.95,267.3,71.8,54.0
2025-07-19,Walsh ND,106.59,308.39,79.8,91.2
2025-07-20,Walsh ND,16.0,24.01,67.3,59.8
2025-07-21,Walsh ND,21.78,41.31,72.9,62.5
2025-07-22,Walsh ND,44.67,96.51,84.2,33.4
2025-07-23,Walsh ND,53.28,114.0,70.4,35.0
2025-07-24,Walsh ND,9.72,32.09,40.0,45.1
2025-07-25,Walsh ND,7.2,22.82,50.1,64.7
2025-07-26,Walsh ND,27.15,56.17,49.1,80.7
2025-07-27,Walsh ND,48.97,99.64,84.0,47.6
2025-07-28,Walsh ND,21.76,73.92,52.6,74.6
2025-07-29,Walsh ND,38.02,58.42,83.8,83.2
2025-07-30,Walsh ND,31.76,51.07,78.0,49.6
2025-07-31,Walsh ND,33.43,109.82,43.7,86.9
2025-04-01,Traill ND,14.02,30.76,43.4,91.1
2025-04-02,Traill ND,23.0,35.84,42.6,68.6
2025-04-03,Traill ND,47.21,124.3,52.4,85.4
2025-04-04,Traill ND,23.0,71.49,48.3,56.6
2025-04-05,Traill ND,109.15,204.85,67.5,66.7
2025-04-06,Traill ND,52.29,172.81,46.7,88.3
2025-04-07,Traill ND,85.38,185.01,79.6,75.4
2025-04-08,Traill ND,63.0,184.09,74.9,44.3
2025-04-09,Traill ND,6.94,23.93,62.8,79.8
2025-04-10,Traill ND,31.13,105.81,57.5,87.2
2025-04-11,Traill ND,121.3,249.91,63.6,58.7
2025-04-12,Traill ND,46.37,97.24,78.2,37.3
2025-04-13,Traill ND,46.57,105.56,82.9,79.9
2025-04-14,Traill ND,23.14,53.61,49.6,51.5
2025-04-15,Traill ND,32.38,51.59,62.4,77.9
2025-04-16,Traill ND,3.82,11.69,78.9,84.9
2025-04-17,Traill ND,14.21,24.11,75.2,77.3
2025-04-18,Traill ND,14.99,42.76,49.5,74.0
2025-04-19,Traill ND,13.72,45.7,47.4,42.7
2025-04-20,Traill ND,38.21,121.42,41.8,84.0
2025-04-21,Traill ND,66.05,140.66,67.3,73.5
2025-04-22,Traill ND,68.31,115.84,69.2,39.9
2025-04-23,Traill ND,91.31,211.99,80.1,77.3
2025-04-24,Traill ND,20.0,53.95,60.6,89.2
2025-04-25,Traill ND,47.08,79.17,46.6,30.1
2025-04-26,Traill ND,11.26,19.13,60.7,73.6
2025-04-27,Traill ND,46.45,137.08,72.1,94.5
2025-04-28,Traill ND,15.62,47.97,63.4,69.0
2025-04-29,Traill ND,4.19,6.77,60.4,63.0
2025-04-30,Traill ND,39.46,130.04,52.7,42.7
2025-05-01,Traill ND,16.84,54.97,66.0,54.2
2025-05-02,Traill ND,38.14,111.89,82.7,77.4
2025-05-03,Traill ND,16.36,54.08,41.5,67.4
2025-05-04,Traill ND,40.52,87.66,47.6,87.2
2025-05-05,Traill ND,13.53,39.75,50.1,39.4
2025-05-06,Traill ND,48.35,164.55,84.8,30.3
2025-05-07,Traill ND,22.89,40.84,83.0,35.8
2025-05-08,Traill ND,19.19,35.73,62.7,33.9
2025-05-09,Traill ND,82.23,226.06,83.5,46.8
2025-05-10,Traill ND,25.0,78.58,68.4,31.4
2025-05-11,Traill ND,29.05,85.14,51.7,41.3
2025-05-12,Traill ND,40.77,136.35,66.4,40.1
2025-05-13,Traill ND,17.73,56.53,64.2,88.8
2025-05-14,Traill ND,141.28,450.82,61.0,81.1
2025-05-15,Traill ND,32.09,100.52,84.3,38.4
2025-05-16,Traill ND,19.17,54.39,53.0,75.6
2025-05-17,Traill ND,8.58,17.16,45.5,51.8
2025-05-18,Traill ND,104.93,174.77,45.0,35.6
2025-05-19,Traill ND,40.42,70.37,53.6,68.2
2025-05-20,Traill ND,55.94,167.02,81.8,70.4
2025-05-21,Traill ND,32.3,71.38,83.5,40.9
2025-05-22,Traill ND,54.01,173.72,73.1,71.8
2025-05-23,Traill ND,53.51,102.43,48.5,63.5
2025-05-24,Traill ND,82.49,131.12,66.4,62.2
2025-05-25,Traill ND,6.71,15.91,56.7,44.8
2025-05-26,Traill ND,18.56,32.74,52.9,51.0
2025-05-27,Traill ND,5.83,16.72,45.6,90.8
2025-05-28,Traill ND,51.62,135.78,79.5,57.8
2025-05-29,Traill ND,19.81,33.22,76.9,58.3
2025-05-30,Traill ND,23.86,56.96,82.2,47.9
2025-05-31,Traill ND,50.62,161.63,76.2,85.3
2025-06-01,Traill ND,40.65,100.51,64.9,72.8
2025-06-02,Traill ND,17.58,28.24,58.1,93.6
2025-06-03,Traill ND,95.76,329.53,83.7,30.6
2025-06-04,Traill ND,5.01,11.58,70.3,78.8
2025-06-05,Traill ND,17.28,44.84,47.9,94.8
2025-06-06,Traill ND,52.35,92.55,62.2,60.1
2025-06-07,Traill ND,25.57,57.82,61.1,89.3
2025-06-08,Traill ND,46.59,108.92,43.6,44.1
2025-06-09,Traill ND,14.97,23.86,45.5,35.5
2025-06-10,Traill ND,67.46,143.79,57.6,83.4
2025-06-11,Traill ND,64.64,99.81,77.6,95.0
2025-06-12,Traill ND,17.91,40.94,76.3,53.9
2025-06-13,Traill ND,11.88,28.75,83.0,64.2
2025-06-14,Traill ND,38.98,66.89,63.0,49.5
2025-06-15,Traill ND,30.82,102.57,66.8,76.1
2025-06-16,Traill ND,24.87,47.19,69.6,47.2
2025-06-17,Traill ND,37.81,99.14,62.5,71.9
2025-06-18,Traill ND,11.76,37.91,51.8,74.6
2025-06-19,Traill ND,7.53,21.01,81.9,59.9
2025-06-20,Traill ND,6.92,24.13,46.0,55.9
2025-06-21,Traill ND,17.66,35.72,62.6,90.4
2025-06-22,Traill ND,29.54,51.75,57.1,61.9
2025-06-23,Traill ND,74.62,212.59,52.0,47.8
2025-06-24,Traill ND,48.74,74.49,68.5,85.1
2025-06-25,Traill ND,44.98,87.43,77.2,31.5
2025-06-26,Traill ND,21.96,56.72,70.0,57.0
2025-06-27,Traill ND,8.59,26.02,69.8,77.4
2025-06-28,Traill ND,18.63,43.51,69.1,43.4
2025-06-29,Traill ND,21.62,49.44,67.7,57.1
2025-06-30,Traill ND,88.81,213.48,72.0,93.1
2025-07-01,Traill ND,55.03,167.18,66.7,59.2
2025-07-02,Traill ND,82.83,208.53,78.6,69.9
2025-07-03,Traill ND,6.15,10.31,60.1,33.6
2025-07-04,Traill ND,65.6,110.68,75.1,41.4
2025-07-05,Traill ND,21.42,36.44,57.7,52.4
2025-07-06,Traill ND,9.23,16.43,73.5,30.7
2025-07-07,Traill ND,22.73,41.46,77.1,80.9
2025-07-08,Traill ND,6.1,20.69,76.5,53.4
2025-07-09,Traill ND,17.28,60.35,47.1,49.8
2025-07-10,Traill ND,75.38,229.8,72.2,67.1
2025-07-11,Traill ND,51.94,108.32,52.8,34.3
2025-07-12,Traill ND,67.3,121.49,52.2,37.2
2025-07-13,Traill ND,13.56,36.25,57.4,41.4
2025-07-14,Traill ND,37.77,115.61,54.5,83.5
2025-07-15,Traill ND,32.43,96.11,44.4,68.0
2025-07-16,Traill ND,49.04,92.26,45.9,30.1
2025-07-17,Traill ND,62.44,107.57,79.4,37.9
2025-07-18,Traill ND,11.65,20.84,79.3,31.2
2025-07-19,Traill ND,43.81,87.41,43.2,35.1
2025-07-20,Traill ND,27.35,54.22,84.4,54.6
2025-07-21,Traill ND,74.18,115.12,83.7,44.1
2025-07-22,Traill ND,61.92,142.22,51.4,73.1
2025-07-23,Traill ND,37.28,96.96,50.5,88.1
2025-07-24,Traill ND,26.99,54.33,44.2,94.7
2025-07-25,Traill ND,60.77,179.31,44.4,41.7
2025-07-26,Traill ND,6.11,19.68,77.6,50.8
2025-07-27,Traill ND,28.57,49.57,51.0,56.1
2025-07-28,Traill ND,32.56,76.24,55.1,53.4
2025-07-29,Traill ND,13.43,44.45,54.0,73.0
2025-07-30,Traill ND,36.48,110.28,71.4,57.2
2025-07-31,Traill ND,57.03,91.63,51.3,93.0
2025-04-01,Grand Forks ND,15.47,26.82,79.4,62.6
2025-04-02,Grand Forks ND,77.82,178.4,61.0,83.8
2025-04-03,Grand Forks ND,31.98,86.86,60.0,56.1
2025-04-04,Grand Forks ND,67.93,186.77,47.0,39.9
2025-04-05,Grand Forks ND,91.24,274.48,62.7,52.6
2025-04-06,Grand Forks ND,27.83,69.4,81.6,59.7
2025-04-07,Grand Forks ND,82.54,268.95,42.7,65.7
2025-04-08,Grand Forks ND,18.4,51.37,62.8,40.7
2025-04-09,Grand Forks ND,43.82,100.83,56.9,67.0
2025-04-10,Grand Forks ND,5.85,9.02,70.6,73.2
2025-04-11,Grand Forks ND,10.92,20.57,52.9,48.7
2025-04-12,Grand Forks ND,24.64,42.66,70.6,72.7
2025-04-13,Grand Forks ND,63.17,138.73,60.0,67.1
2025-04-14,Grand Forks ND,36.32,79.22,50.6,42.9
2025-04-15,Grand Forks ND,25.68,52.63,46.5,45.7
2025-04-16,Grand Forks ND,31.61,64.71,55.1,77.4
2025-04-17,Grand Forks ND,17.09,54.74,71.8,36.5
2025-04-18,Grand Forks ND,15.5,47.08,83.3,77.8
2025-04-19,Grand Forks ND,17.76,52.38,61.8,94.6
2025-04-20,Grand Forks ND,8.82,26.58,44.9,73.1
2025-04-21,Grand Forks ND,11.64,24.59,47.8,45.2
2025-04-22,Grand Forks ND,1.56,4.78,54.1,89.3
2025-04-23,Grand Forks ND,45.54,125.65,73.0,31.7
2025-04-24,Grand Forks ND,26.02,87.43,51.3,78.8
2025-04-25,Grand Forks ND,26.65,44.84,76.9,49.1
2025-04-26,Grand Forks ND,76.28,130.82,74.6,78.0
2025-04-27,Grand Forks ND,10.77,20.9,56.7,94.0
2025-04-28,Grand Forks ND,30.35,86.0,53.9,90.3
2025-04-29,Grand Forks ND,28.57,55.2,77.4,57.9
2025-04-30,Grand Forks ND,23.86,70.91,83.7,51.3
2025-05-01,Grand Forks ND,29.05,48.59,58.9,42.8
2025-05-02,Grand Forks ND,36.18,85.77,54.7,50.0
2025-05-03,Grand Forks ND,106.64,278.65,67.5,70.6
2025-05-04,Grand Forks ND,34.31,52.53,49.4,37.6
2025-05-05,Grand Forks ND,27.59,52.03,52.2,66.2
2025-05-06,Grand Forks ND,36.1,67.8,56.4,39.5
2025-05-07,Grand Forks ND,15.59,49.79,47.6,56.5
2025-05-08,Grand Forks ND,22.77,77.39,47.8,30.1
2025-05-09,Grand Forks ND,27.51,51.94,42.3,52.2
2025-05-10,Grand Forks ND,14.39,40.82,58.9,33.6
2025-05-11,Grand Forks ND,52.07,84.7,57.2,54.2
2025-05-12,Grand Forks ND,4.4,12.39,62.0,48.9
2025-05-13,Grand Forks ND,20.35,64.12,82.7,57.1
2025-05-14,Grand Forks ND,12.28,29.84,59.9,63.8
2025-05-15,Grand Forks ND,40.23,103.78,67.0,82.9
2025-05-16,Grand Forks ND,24.76,54.12,41.7,42.2
2025-05-17,Grand Forks ND,47.07,91.68,73.3,46.2
2025-05-18,Grand Forks ND,53.23,146.78,72.1,76.9
2025-05-19,Grand Forks ND,37.34,130.56,72.9,85.2
2025-05-20,Grand Forks ND,11.54,26.36,66.1,71.2
2025-05-21,Grand Forks ND,33.22,58.74,55.7,68.5
2025-05-22,Grand Forks ND,27.33,65.99,41.2,52.5
2025-05-23,Grand Forks ND,17.17,45.48,57.2,67.7
2025-05-24,Grand Forks ND,32.41,84.24,45.5,37.6
2025-05-25,Grand Forks ND,19.58,44.26,49.7,76.8
2025-05-26,Grand Forks ND,14.47,29.37,45.3,82.7
2025-05-27,Grand Forks ND,26.15,78.17,52.1,53.1
2025-05-28,Grand Forks ND,23.59,35.39,51.9,39.8
2025-05-29,Grand Forks ND,11.46,29.52,77.9,80.3
2025-05-30,Grand Forks ND,27.63,81.79,41.5,44.0
2025-05-31,Grand Forks ND,24.94,38.76,47.1,88.0
2025-06-01,Grand Forks ND,75.41,187.0,75.6,84.1
2025-06-02,Grand Forks ND,7.63,13.67,58.1,74.3
2025-06-03,Grand Forks ND,9.64,30.47,53.8,78.9
2025-06-04,Grand Forks ND,85.66,238.64,67.0,47.0
2025-06-05,Grand Forks ND,15.09,24.89,52.1,66.8
2025-06-06,Grand Forks ND,35.09,106.55,84.6,63.0
2025-06-07,Grand Forks ND,22.76,57.37,46.4,66.1
2025-06-08,Grand Forks ND,116.98,319.87,40.6,41.1
2025-06-09,Grand Forks ND,1.54,5.12,61.7,92.8
2025-06-10,Grand Forks ND,17.97,50.48,58.8,81.9
2025-06-11,Grand Forks ND,12.34,30.75,48.0,72.5
2025-06-12,Grand Forks ND,73.42,203.26,40.7,42.0
2025-06-13,Grand Forks ND,28.05,56.96,58.6,90.6
2025-06-14,Grand Forks ND,11.95,28.18,71.9,62.4
2025-06-15,Grand Forks ND,5.4,14.19,43.5,33.1
2025-06-16,Grand Forks ND,54.11,136.01,48.9,39.7
2025-06-17,Grand Forks ND,71.04,198.57,46.9,77.0
2025-06-18,Grand Forks ND,19.4,47.07,40.2,72.7
2025-06-19,Grand Forks ND,36.89,84.01,53.7,85.7
2025-06-20,Grand Forks ND,23.76,43.63,54.6,77.8
2025-06-21,Grand Forks ND,19.37,50.39,63.4,49.3
2025-06-22,Grand Forks ND,25.62,82.83,81.2,53.5
2025-06-23,Grand Forks ND,87.5,217.29,56.1,31.5
2025-06-24,Grand Forks ND,57.08,140.08,60.5,87.1
2025-06-25,Grand Forks ND,70.77,209.33,50.9,80.5
2025-06-26,Grand Forks ND,76.62,175.22,69.9,32.1
2025-06-27,Grand Forks ND,44.75,133.58,80.2,37.8
2025-06-28,Grand Forks ND,31.7,49.61,75.4,31.2
2025-06-29,Grand Forks ND,14.77,40.96,58.9,35.3
2025-06-30,Grand Forks ND,27.18,62.56,56.0,73.5
2025-07-01,Grand Forks ND,23.11,50.44,63.2,85.5
2025-07-02,Grand Forks ND,26.29,62.32,50.1,48.0
2025-07-03,Grand Forks ND,21.13,61.5,66.5,31.2
2025-07-04,Grand Forks ND,45.63,155.38,48.4,66.8
2025-07-05,Grand Forks ND,77.38,236.62,41.6,36.7
2025-07-06,Grand Forks ND,43.24,98.14,52.7,50.4
2025-07-07,Grand Forks ND,15.38,51.63,70.1,45.2
2025-07-08,Grand Forks ND,11.18,27.25,63.1,84.7
2025-07-09,Grand Forks ND,8.87,21.56,71.2,69.2
2025-07-10,Grand Forks ND,23.16,69.98,54.7,87.9
2025-07-11,Grand Forks ND,56.72,112.08,59.9,94.4
2025-07-12,Grand Forks ND,16.1,32.43,77.1,74.8
2025-07-13,Grand Forks ND,57.67,89.6,78.6,42.2
2025-07-14,Grand Forks ND,34.57,74.86,75.0,75.2
2025-07-15,Grand Forks ND,33.04,70.96,78.8,49.6
2025-07-16,Grand Forks ND,59.37,150.65,67.4,69.6
2025-07-17,Grand Forks ND,6.01,9.15,50.2,65.4
2025-07-18,Grand Forks ND,69.53,174.27,57.6,38.8
2025-07-19,Grand Forks ND,63.11,137.05,51.8,66.9
2025-07-20,Grand Forks ND,52.22,169.88,52.8,58.0
2025-07-21,Grand Forks ND,19.56,58.22,40.6,66.9
2025-07-22,Grand Forks ND,15.8,46.75,51.9,51.8
2025-07-23,Grand Forks ND,12.95,26.93,67.3,60.0
2025-07-24,Grand Forks ND,16.39,25.08,65.8,95.0
2025-07-25,Grand Forks ND,76.25,213.65,75.8,39.7
2025-07-26,Grand Forks ND,36.79,83.65,78.1,83.5
2025-07-27,Grand Forks ND,60.71,147.72,83.2,41.3
2025-07-28,Grand Forks ND,46.84,71.39,75.6,61.5
2025-07-29,Grand Forks ND,30.46,96.59,46.7,73.9
2025-07-30,Grand Forks ND,39.94,82.72,57.3,32.5
2025-07-31,Grand Forks ND,30.0,94.99,77.6,86.0
2025-04-01,Norman MN,4.71,14.6,79.9,67.2
2025-04-02,Norman MN,33.45,75.91,70.3,32.0
2025-04-03,Norman MN,119.64,380.89,62.3,30.8
2025-04-04,Norman MN,30.4,84.44,63.3,56.3
2025-04-05,Norman MN,18.07,54.31,62.3,75.7
2025-04-06,Norman MN,11.1,35.11,56.7,56.0
2025-04-07,Norman MN,47.5,124.15,49.2,49.6
2025-04-08,Norman MN,22.93,76.73,59.8,85.0
2025-04-09,Norman MN,79.96,130.74,51.5,37.3
2025-04-10,Norman MN,18.58,38.64,65.7,68.8
2025-04-11,Norman MN,42.29,122.87,74.3,62.3
2025-04-12,Norman MN,26.44,54.72,79.3,83.1
2025-04-13,Norman MN,72.69,212.51,47.9,31.5
2025-04-14,Norman MN,15.05,51.18,84.8,85.3
2025-04-15,Norman MN,22.88,70.89,70.9,90.2
2025-04-16,Norman MN,39.63,133.28,83.1,62.6
2025-04-17,Norman MN,18.73,49.34,80.9,31.5
2025-04-18,Norman MN,2.7,4.66,60.1,32.2
2025-04-19,Norman MN,31.64,48.15,60.7,48.4
2025-04-20,Norman MN,62.94,209.56,73.3,43.7
2025-04-21,Norman MN,18.17,36.88,75.4,72.0
2025-04-22,Norman MN,14.1,42.7,63.2,38.0
2025-04-23,Norman MN,53.5,159.57,81.6,51.9
2025-04-24,Norman MN,32.7,102.69,51.3,43.0
2025-04-25,Norman MN,79.38,238.91,50.4,46.7
2025-04-26,Norman MN,19.65,36.55,45.0,46.8
2025-04-27,Norman MN,79.28,123.78,53.2,32.6
2025-04-28,Norman MN,1.58,3.04,50.8,40.2
2025-04-29,Norman MN,47.68,147.86,64.0,47.0
2025-04-30,Norman MN,53.95,136.24,60.4,85.7
2025-05-01,Norman MN,58.98,95.33,55.8,81.8
2025-05-02,Norman MN,26.19,54.93,62.8,72.4
2025-05-03,Norman MN,35.92,83.14,61.7,67.0
2025-05-04,Norman MN,15.88,45.08,77.4,47.1
2025-05-05,Norman MN,20.78,65.68,75.5,55.2
2025-05-06,Norman MN,28.05,91.22,55.4,35.6
2025-05-07,Norman MN,27.63,63.46,47.0,59.7
2025-05-08,Norman MN,46.32,126.4,55.0,56.0
2025-05-09,Norman MN,22.56,66.08,79.9,76.2
2025-05-10,Norman MN,50.47,106.07,49.7,72.0
2025-05-11,Norman MN,44.96,83.21,51.9,51.7
2025-05-12,Norman MN,11.81,30.99,49.2,67.8
2025-05-13,Norman MN,82.71,182.97,46.0,91.4
2025-05-14,Norman MN,25.6,45.38,53.3,32.3
2025-05-15,Norman MN,45.38,103.02,78.4,68.1
2025-05-16,Norman MN,51.24,131.57,43.2,62.1
2025-05-17,Norman MN,17.91,36.15,83.1,70.9
2025-05-18,Norman MN,5.93,15.58,57.7,66.5
2025-05-19,Norman MN,62.55,210.43,76.5,71.6
2025-05-20,Norman MN,39.35,111.22,51.5,42.2
2025-05-21,Norman MN,75.65,186.93,41.3,31.1
2025-05-22,Norman MN,12.14,41.33,81.0,36.5
2025-05-23,Norman MN,56.35,132.12,54.5,60.5
2025-05-24,Norman MN,18.46,58.07,55.7,78.4
2025-05-25,Norman MN,61.79,174.59,70.4,88.1
2025-05-26,Norman MN,13.53,22.09,57.7,76.0
2025-05-27,Norman MN,28.09,79.46,75.3,64.8
2025-05-28,Norman MN,8.51,23.07,60.2,59.1
2025-05-29,Norman MN,14.34,34.44,53.3,43.1
2025-05-30,Norman MN,44.83,119.65,47.3,84.9
2025-05-31,Norman MN,45.96,114.83,56.9,73.5
2025-06-01,Norman MN,43.54,66.88,63.7,71.8
2025-06-02,Norman MN,25.56,84.2,70.7,35.0
2025-06-03,Norman MN,21.69,71.27,69.8,73.6
2025-06-04,Norman MN,5.22,9.67,57.3,83.8
2025-06-05,Norman MN,46.61,95.89,70.7,44.2
2025-06-06,Norman MN,27.19,92.92,47.3,56.5
2025-06-07,Norman MN,15.44,52.68,61.0,78.6
2025-06-08,Norman MN,9.25,27.69,56.5,67.5
2025-06-09,Norman MN,42.82,114.6,50.5,66.0
2025-06-10,Norman MN,99.19,209.48,72.5,50.8
2025-06-11,Norman MN,23.59,73.18,58.1,50.9
2025-06-12,Norman MN,20.89,65.14,66.4,31.9
2025-06-13,Norman MN,10.06,16.85,63.8,88.1
2025-06-14,Norman MN,65.66,189.6,63.6,60.9
2025-06-15,Norman MN,53.64,111.65,69.3,57.0
2025-06-16,Norman MN,26.08,54.79,49.9,84.2
2025-06-17,Norman MN,4.86,10.99,70.2,30.5
2025-06-18,Norman MN,85.22,283.92,64.1,54.2
2025-06-19,Norman MN,33.84,67.41,59.3,71.1
2025-06-20,Norman MN,4.96,8.89,48.6,72.1
2025-06-21,Norman MN,24.01,63.53,46.9,46.7
2025-06-22,Norman MN,90.86,256.21,60.1,53.6
2025-06-23,Norman MN,7.53,12.69,58.5,90.8
2025-06-24,Norman MN,47.39,99.0,49.3,92.2
2025-06-25,Norman MN,21.99,62.67,83.7,56.1
2025-06-26,Norman MN,17.49,31.99,73.0,59.4
2025-06-27,Norman MN,19.29,57.86,48.0,75.0
2025-06-28,Norman MN,82.11,229.44,46.4,40.2
2025-06-29,Norman MN,17.43,55.33,57.0,36.2
2025-06-30,Norman MN,39.0,97.59,46.7,53.3
2025-07-01,Norman MN,111.74,224.69,70.0,62.0
2025-07-02,Norman MN,74.88,236.27,69.9,33.8
2025-07-03,Norman MN,31.55,100.09,67.0,64.3
2025-07-04,Norman MN,27.57,71.48,76.8,85.8
2025-07-05,Norman MN,61.64,136.84,41.5,50.2
2025-07-06,Norman MN,47.36,114.18,63.0,76.3
2025-07-07,Norman MN,16.33,40.82,77.6,78.4
2025-07-08,Norman MN,13.59,37.43,80.9,66.7
2025-07-09,Norman MN,36.15,119.5,71.8,36.6
2025-07-10,Norman MN,44.11,92.75,50.7,91.3
2025-07-11,Norman MN,16.88,56.57,59.7,81.4
2025-07-12,Norman MN,10.86,25.46,84.3,34.4
2025-07-13,Norman MN,28.69,57.2,57.5,69.9
2025-07-14,Norman MN,97.75,222.64,69.4,64.5
2025-07-15,Norman MN,26.35,57.51,64.2,79.3
2025-07-16,Norman MN,19.54,39.25,53.2,85.4
2025-07-17,Norman MN,11.3,39.05,75.0,30.4
2025-07-18,Norman MN,34.36,105.65,55.6,92.5
2025-07-19,Norman MN,21.09,59.42,74.9,87.8
2025-07-20,Norman MN,2.2,6.29,52.9,30.4
2025-07-21,Norman MN,47.46,119.77,54.7,77.6
2025-07-22,Norman MN,17.8,62.19,45.5,66.8
2025-07-23,Norman MN,68.66,133.67,61.2,65.0
2025-07-24,Norman MN,11.36,22.5,82.5,79.2
2025-07-25,Norman MN,59.99,102.05,41.1,51.8
2025-07-26,Norman MN,56.99,102.02,82.9,32.9
2025-07-27,Norman MN,32.15,57.33,45.1,83.9
2025-07-28,Norman MN,14.13,31.57,79.4,36.2
2025-07-29,Norman MN,1.65,3.85,84.4,37.0
2025-07-30,Norman MN,5.58,14.9,79.7,79.4
2025-07-31,Norman MN,34.78,102.73,40.3,61.5
