station_id,station_name,date,water_level_ft,latitude,longitude
USGS_05054000,Red River at Fargo ND,2025-04-01,17.16,46.8772,-96.7898
USGS_05054000,Red River at Fargo ND,2025-04-02,17.47,46.8772,-96.7898
USGS_05054000,Red River at Fargo ND,2025-04-03,17.35,46.8772,-96.7898
USGS_05054000,Red River at Fargo ND,2025-04-04,17.57,46.8772,-96.7898
USGS_05054000,Red River at Fargo ND,2025-04-05,17.81,46.8772,-96.7898
USGS_05054000,Red River at Fargo ND,2025-04-06,17.2,46.8772,-96.7898
USGS_05054000,Red River at Fargo ND,2025-04-07,17.38,46.8772,-96.7898
USGS_05054000,Red River at Fargo ND,2025-04-08,16.91,46.8772,-96.7898
USGS_05054000,Red River at Fargo ND,2025-04-09,17.54,46.8772,-96.7898
USGS_05054000,Red River at Fargo ND,2025-04-10,17.36,46.8772,-96.7898
USGS_05054000,Red River at Fargo ND,2025-04-11,17.55,46.8772,-96.7898
USGS_05054000,Red River at Fargo ND,2025-04-12,18.04,46.8772,-96.7898
USGS_05054000,Red River at Fargo ND,2025-04-13,17.75,46.8772,-96.7898
USGS_05054000,Red River at Fargo ND,2025-04-14,17.49,46.8772,-96.7898
USGS_05054000,Red River at Fargo ND,2025-04-15,17.34,46.8772,-96.7898
USGS_05054000,Red River at Fargo ND,2025-04-16,18.02,46.8772,-96.7898
USGS_05054000,Red River at Fargo ND,2025-04-17,17.65,46.8772,-96.7898
USGS_05054000,Red River at Fargo ND,2025-04-18,17.66,46.8772,-96.7898
USGS_05054000,Red River at Fargo ND,2025-04-19,17.72,46.8772,-96.7898
USGS_05054000,Red River at Fargo ND,2025-04-20,17.74,46.8772,-96.7898
USGS_05054000,Red River at Fargo ND,2025-04-21,17.78,46.8772,-96.7898
USGS_05054000,Red River at Fargo ND,2025-04-22,17.62,46.8772,-96.7898
USGS_05054000,Red River at Fargo ND,2025-04-23,17.35,46.8772,-96.7898
USGS_05054000,Red River at Fargo ND,2025-04-24,17.29,46.8772,-96.7898
USGS_05054000,Red River at Fargo ND,2025-04-25,16.62,46.8772,-96.7898
USGS_05054000,Red River at Fargo ND,2025-04-26,17.32,46.8772,-96.7898
USGS_05054000,Red River at Fargo ND,2025-04-27,17.13,46.8772,-96.7898
USGS_05054000,Red River at Fargo ND,2025-04-28,17.02,46.8772,-96.7898
USGS_05054000,Red River at Fargo ND,2025-04-29,16.82,46.8772,-96.7898
USGS_05054000,Red River at Fargo ND,2025-04-30,17.0,46.8772,-96.7898
USGS_05054000,Red River at Fargo ND,2025-05-01,16.66,46.8772,-96.7898
USGS_05054000,Red River at Fargo ND,2025-05-02,16.19,46.8772,-96.7898
USGS_05054000,Red River at Fargo ND,2025-05-03,16.41,46.8772,-96.7898
USGS_05054000,Red River at Fargo ND,2025-05-04,16.47,46.8772,-96.7898
USGS_05054000,Red River at Fargo ND,2025-05-05,16.23,46.8772,-96.7898
USGS_05054000,Red River at Fargo ND,2025-05-06,16.7,46.8772,-96.7898
USGS_05054000,Red River at Fargo ND,2025-05-07,16.85,46.8772,-96.7898
USGS_05054000,Red River at Fargo ND,2025-05-08,17.03,46.8772,-96.7898
USGS_05054000,Red River at Fargo ND,2025-05-09,16.8,46.8772,-96.7898
USGS_05054000,Red River at Fargo ND,2025-05-10,16.5,46.8772,-96.7898
USGS_05054000,Red River at Fargo ND,2025-05-11,16.5,46.8772,-96.7898
USGS_05054000,Red River at Fargo ND,2025-05-12,16.22,46.8772,-96.7898
USGS_05054000,Red River at Fargo ND,2025-05-13,16.24,46.8772,-96.7898
USGS_05054000,Red River at Fargo ND,2025-05-14,16.51,46.8772,-96.7898
USGS_05054000,Red River at Fargo ND,2025-05-15,16.88,46.8772,-96.7898
USGS_05054000,Red River at Fargo ND,2025-05-16,16.91,46.8772,-96.7898
USGS_05054000,Red River at Fargo ND,2025-05-17,16.94,46.8772,-96.7898
USGS_05054000,Red River at Fargo ND,2025-05-18,17.05,46.8772,-96.7898
USGS_05054000,Red River at Fargo ND,2025-05-19,17.13,46.8772,-96.7898
USGS_05054000,Red River at Fargo ND,2025-05-20,16.82,46.8772,-96.7898
USGS_05054000,Red River at Fargo ND,2025-05-21,16.3,46.8772,-96.7898
USGS_05054000,Red River at Fargo ND,2025-05-22,16.69,46.8772,-96.7898
USGS_05054000,Red River at Fargo ND,2025-05-23,16.61,46.8772,-96.7898
USGS_05054000,Red River at Fargo ND,2025-05-24,16.47,46.8772,-96.7898
USGS_05054000,Red River at Fargo ND,2025-05-25,16.7,46.8772,-96.7898
USGS_05054000,Red River at Fargo ND,2025-05-26,17.07,46.8772,-96.7898
USGS_05054000,Red River at Fargo ND,2025-05-27,17.53,46.8772,-96.7898
USGS_05054000,Red River at Fargo ND,2025-05-28,17.56,46.8772,-96.7898
USGS_05054000,Red River at Fargo ND,2025-05-29,17.15,46.8772,-96.7898
USGS_05054000,Red River at Fargo ND,2025-05-30,17.64,46.8772,-96.7898
USGS_05054000,Red River at Fargo ND,2025-05-31,17.37,46.8772,-96.7898
USGS_05054000,Red River at Fargo ND,2025-06-01,17.49,46.8772,-96.7898
USGS_05054000,Red River at Fargo ND,2025-06-02,17.38,46.8772,-96.7898
USGS_05054000,Red River at Fargo ND,2025-06-03,17.67,46.8772,-96.7898
USGS_05054000,Red River at Fargo ND,2025-06-04,18.77,46.8772,-96.7898
USGS_05054000,Red River at Fargo ND,2025-06-05,19.43,46.8772,-96.7898
USGS_05054000,Red River at Fargo ND,2025-06-06,19.69,46.8772,-96.7898
USGS_05054000,Red River at Fargo ND,2025-06-07,19.67,46.8772,-96.7898
USGS_05054000,Red River at Fargo ND,2025-06-08,19.96,46.8772,-96.7898
USGS_05054000,Red River at Fargo ND,2025-06-09,20.0,46.8772,-96.7898
USGS_05054000,Red River at Fargo ND,2025-06-10,20.05,46.8772,-96.7898
USGS_05054000,Red River at Fargo ND,2025-06-11,20.65,46.8772,-96.7898
USGS_05054000,Red River at Fargo ND,2025-06-12,20.61,46.8772,-96.7898
USGS_05054000,Red River at Fargo ND,2025-06-13,21.11,46.8772,-96.7898
USGS_05054000,Red River at Fargo ND,2025-06-14,21.25,46.8772,-96.7898
USGS_05054000,Red River at Fargo ND,2025-06-15,21.3,46.8772,-96.7898
USGS_05054000,Red River at Fargo ND,2025-06-16,21.33,46.8772,-96.7898
USGS_05054000,Red River at Fargo ND,2025-06-17,21.48,46.8772,-96.7898
USGS_05054000,Red River at Fargo ND,2025-06-18,21.61,46.8772,-96.7898
USGS_05054000,Red River at Fargo ND,2025-06-19,21.38,46.8772,-96.7898
USGS_05054000,Red River at Fargo ND,2025-06-20,21.67,46.8772,-96.7898
USGS_05054000,Red River at Fargo ND,2025-06-21,22.27,46.8772,-96.7898
USGS_05054000,Red River at Fargo ND,2025-06-22,22.68,46.8772,-96.7898
USGS_05054000,Red River at Fargo ND,2025-06-23,22.81,46.8772,-96.7898
USGS_05054000,Red River at Fargo ND,2025-06-24,23.26,46.8772,-96.7898
USGS_05054000,Red River at Fargo ND,2025-06-25,23.09,46.8772,-96.7898
USGS_05054000,Red River at Fargo ND,2025-06-26,22.93,46.8772,-96.7898
USGS_05054000,Red River at Fargo ND,2025-06-27,22.68,46.8772,-96.7898
USGS_05054000,Red River at Fargo ND,2025-06-28,22.43,46.8772,-96.7898
USGS_05054000,Red River at Fargo ND,2025-06-29,22.22,46.8772,-96.7898
USGS_05054000,Red River at Fargo ND,2025-06-30,22.31,46.8772,-96.7898
USGS_05054000,Red River at Fargo ND,2025-07-01,22.34,46.8772,-96.7898
USGS_05054000,Red River at Fargo ND,2025-07-02,22.28,46.8772,-96.7898
USGS_05054000,Red River at Fargo ND,2025-07-03,22.58,46.8772,-96.7898
USGS_05054000,Red River at Fargo ND,2025-07-04,22.58,46.8772,-96.7898
USGS_05054000,Red River at Fargo ND,2025-07-05,23.03,46.8772,-96.7898
USGS_05054000,Red River at Fargo ND,2025-07-06,23.67,46.8772,-96.7898
USGS_05054000,Red River at Fargo ND,2025-07-07,23.57,46.8772,-96.7898
USGS_05054000,Red River at Fargo ND,2025-07-08,24.31,46.8772,-96.7898
USGS_05054000,Red River at Fargo ND,2025-07-09,24.31,46.8772,-96.7898
USGS_05054000,Red River at Fargo ND,2025-07-10,24.36,46.8772,-96.7898
USGS_05054000,Red River at Fargo ND,2025-07-11,24.71,46.8772,-96.7898
USGS_05054000,Red River at Fargo ND,2025-07-12,24.23,46.8772,-96.7898
USGS_05054000,Red River at Fargo ND,2025-07-13,23.88,46.8772,-96.7898
USGS_05054000,Red River at Fargo ND,2025-07-14,23.91,46.8772,-96.7898
USGS_05054000,Red River at Fargo ND,2025-07-15,23.96,46.8772,-96.7898
USGS_05054000,Red River at Fargo ND,2025-07-16,23.43,46.8772,-96.7898
USGS_05054000,Red River at Fargo ND,2025-07-17,23.71,46.8772,-96.7898
USGS_05054000,Red River at Fargo ND,2025-07-18,23.6,46.8772,-96.7898
USGS_05054000,Red River at Fargo ND,2025-07-19,23.78,46.8772,-96.7898
USGS_05054000,Red River at Fargo ND,2025-07-20,23.68,46.8772,-96.7898
USGS_05054000,Red River at Fargo ND,2025-07-21,24.2,46.8772,-96.7898
USGS_05054000,Red River at Fargo ND,2025-07-22,23.99,46.8772,-96.7898
USGS_05054000,Red River at Fargo ND,2025-07-23,23.76,46.8772,-96.7898
USGS_05054000,Red River at Fargo ND,2025-07-24,23.16,46.8772,-96.7898
USGS_05054000,Red River at Fargo ND,2025-07-25,23.24,46.8772,-96.7898
USGS_05054000,Red River at Fargo ND,2025-07-26,23.58,46.8772,-96.7898
USGS_05054000,Red River at Fargo ND,2025-07-27,24.19,46.8772,-96.7898
USGS_05054000,Red River at Fargo ND,2025-07-28,24.26,46.8772,-96.7898
USGS_05054000,Red River at Fargo ND,2025-07-29,24.51,46.8772,-96.7898
USGS_05054000,Red River at Fargo ND,2025-07-30,24.29,46.8772,-96.7898
USGS_05054000,Red River at Fargo ND,2025-07-31,24.61,46.8772,-96.7898
USGS_05082500,Red River at Crookston MN,2025-04-01,28.33,47.843,-96.596
USGS_05082500,Red River at Crookston MN,2025-04-02,28.49,47.843,-96.596
USGS_05082500,Red River at Crookston MN,2025-04-03,28.21,47.843,-96.596
USGS_05082500,Red River at Crookston MN,2025-04-04,27.89,47.843,-96.596
USGS_05082500,Red River at Crookston MN,2025-04-05,28.25,47.843,-96.596
USGS_05082500,Red River at Crookston MN,2025-04-06,27.7,47.843,-96.596
USGS_05082500,Red River at Crookston MN,2025-04-07,28.32,47.843,-96.596
USGS_05082500,Red River at Crookston MN,2025-04-08,27.84,47.843,-96.596
USGS_05082500,Red River at Crookston MN,2025-04-09,28.17,47.843,-96.596
USGS_05082500,Red River at Crookston MN,2025-04-10,27.53,47.843,-96.596
USGS_05082500,Red River at Crookston MN,2025-04-11,27.72,47.843,-96.596
USGS_05082500,Red River at Crookston MN,2025-04-12,28.21,47.843,-96.596
USGS_05082500,Red River at Crookston MN,2025-04-13,28.62,47.843,-96.596
USGS_05082500,Red River at Crookston MN,2025-04-14,29.34,47.843,-96.596
USGS_05082500,Red River at Crookston MN,2025-04-15,30.07,47.843,-96.596
USGS_05082500,Red River at Crookston MN,2025-04-16,30.02,47.843,-96.596
USGS_05082500,Red River at Crookston MN,2025-04-17,29.57,47.843,-96.596
USGS_05082500,Red River at Crookston MN,2025-04-18,29.55,47.843,-96.596
USGS_05082500,Red River at Crookston MN,2025-04-19,29.09,47.843,-96.596
USGS_05082500,Red River at Crookston MN,2025-04-20,29.3,47.843,-96.596
USGS_05082500,Red River at Crookston MN,2025-04-21,28.97,47.843,-96.596
USGS_05082500,Red River at Crookston MN,2025-04-22,28.81,47.843,-96.596
USGS_05082500,Red River at Crookston MN,2025-04-23,28.5,47.843,-96.596
USGS_05082500,Red River at Crookston MN,2025-04-24,28.47,47.843,-96.596
USGS_05082500,Red River at Crookston MN,2025-04-25,28.55,47.843,-96.596
USGS_05082500,Red River at Crookston MN,2025-04-26,28.72,47.843,-96.596
USGS_05082500,Red River at Crookston MN,2025-04-27,29.35,47.843,-96.596
USGS_05082500,Red River at Crookston MN,2025-04-28,29.5,47.843,-96.596
USGS_05082500,Red River at Crookston MN,2025-04-29,29.64,47.843,-96.596
USGS_05082500,Red River at Crookston MN,2025-04-30,29.83,47.843,-96.596
USGS_05082500,Red River at Crookston MN,2025-05-01,30.57,47.843,-96.596
USGS_05082500,Red River at Crookston MN,2025-05-02,31.29,47.843,-96.596
USGS_05082500,Red River at Crookston MN,2025-05-03,31.31,47.843,-96.596
USGS_05082500,Red River at Crookston MN,2025-05-04,31.49,47.843,-96.596
USGS_05082500,Red River at Crookston MN,2025-05-05,31.52,47.843,-96.596
USGS_05082500,Red River at Crookston MN,2025-05-06,31.68,47.843,-96.596
USGS_05082500,Red River at Crookston MN,2025-05-07,31.81,47.843,-96.596
USGS_05082500,Red River at Crookston MN,2025-05-08,32.25,47.843,-96.596
USGS_05082500,Red River at Crookston MN,2025-05-09,32.37,47.843,-96.596
USGS_05082500,Red River at Crookston MN,2025-05-10,33.18,47.843,-96.596
USGS_05082500,Red River at Crookston MN,2025-05-11,33.68,47.843,-96.596
USGS_05082500,Red River at Crookston MN,2025-05-12,33.71,47.843,-96.596
USGS_05082500,Red River at Crookston MN,2025-05-13,33.56,47.843,-96.596
USGS_05082500,Red River at Crookston MN,2025-05-14,33.86,47.843,-96.596
USGS_05082500,Red River at Crookston MN,2025-05-15,34.85,47.843,-96.596
USGS_05082500,Red River at Crookston MN,2025-05-16,34.77,47.843,-96.596
USGS_05082500,Red River at Crookston MN,2025-05-17,35.07,47.843,-96.596
USGS_05082500,Red River at Crookston MN,2025-05-18,35.73,47.843,-96.596
USGS_05082500,Red River at Crookston MN,2025-05-19,36.1,47.843,-96.596
USGS_05082500,Red River at Crookston MN,2025-05-20,36.2,47.843,-96.596
USGS_05082500,Red River at Crookston MN,2025-05-21,36.28,47.843,-96.596
USGS_05082500,Red River at Crookston MN,2025-05-22,36.21,47.843,-96.596
USGS_05082500,Red River at Crookston MN,2025-05-23,35.73,47.843,-96.596
USGS_05082500,Red River at Crookston MN,2025-05-24,35.86,47.843,-96.596
USGS_05082500,Red River at Crookston MN,2025-05-25,35.76,47.843,-96.596
USGS_05082500,Red River at Crookston MN,2025-05-26,35.94,47.843,-96.596
USGS_05082500,Red River at Crookston MN,2025-05-27,36.12,47.843,-96.596
USGS_05082500,Red River at Crookston MN,2025-05-28,35.68,47.843,-96.596
USGS_05082500,Red River at Crookston MN,2025-05-29,35.56,47.843,-96.596
USGS_05082500,Red River at Crookston MN,2025-05-30,35.87,47.843,-96.596
USGS_05082500,Red River at Crookston MN,2025-05-31,36.21,47.843,-96.596
USGS_05082500,Red River at Crookston MN,2025-06-01,35.84,47.843,-96.596
USGS_05082500,Red River at Crookston MN,2025-06-02,36.08,47.843,-96.596
USGS_05082500,Red River at Crookston MN,2025-06-03,36.34,47.843,-96.596
USGS_05082500,Red River at Crookston MN,2025-06-04,36.03,47.843,-96.596
USGS_05082500,Red River at Crookston MN,2025-06-05,36.13,47.843,-96.596
USGS_05082500,Red River at Crookston MN,2025-06-06,36.09,47.843,-96.596
USGS_05082500,Red River at Crookston MN,2025-06-07,35.8,47.843,-96.596
USGS_05082500,Red River at Crookston MN,2025-06-08,35.64,47.843,-96.596
USGS_05082500,Red River at Crookston MN,2025-06-09,35.96,47.843,-96.596
USGS_05082500,Red River at Crookston MN,2025-06-10,35.91,47.843,-96.596
USGS_05082500,Red River at Crookston MN,2025-06-11,35.45,47.843,-96.596
USGS_05082500,Red River at Crookston MN,2025-06-12,35.79,47.843,-96.596
USGS_05082500,Red River at Crookston MN,2025-06-13,35.91,47.843,-96.596
USGS_05082500,Red River at Crookston MN,2025-06-14,35.5,47.843,-96.596
USGS_05082500,Red River at Crookston MN,2025-06-15,35.02,47.843,-96.596
USGS_05082500,Red River at Crookston MN,2025-06-16,34.99,47.843,-96.596
USGS_05082500,Red River at Crookston MN,2025-06-17,34.87,47.843,-96.596
USGS_05082500,Red River at Crookston MN,2025-06-18,34.82,47.843,-96.596
USGS_05082500,Red River at Crookston MN,2025-06-19,35.02,47.843,-96.596
USGS_05082500,Red River at Crookston MN,2025-06-20,35.12,47.843,-96.596
USGS_05082500,Red River at Crookston MN,2025-06-21,34.75,47.843,-96.596
USGS_05082500,Red River at Crookston MN,2025-06-22,34.89,47.843,-96.596
USGS_05082500,Red River at Crookston MN,2025-06-23,35.14,47.843,-96.596
USGS_05082500,Red River at Crookston MN,2025-06-24,35.73,47.843,-96.596
USGS_05082500,Red River at Crookston MN,2025-06-25,35.74,47.843,-96.596
USGS_05082500,Red River at Crookston MN,2025-06-26,36.28,47.843,-96.596
USGS_05082500,Red River at Crookston MN,2025-06-27,36.09,47.843,-96.596
USGS_05082500,Red River at Crookston MN,2025-06-28,35.56,47.843,-96.596
USGS_05082500,Red River at Crookston MN,2025-06-29,35.89,47.843,-96.596
USGS_05082500,Red River at Crookston MN,2025-06-30,35.58,47.843,-96.596
USGS_05082500,Red River at Crookston MN,2025-07-01,35.95,47.843,-96.596
USGS_05082500,Red River at Crookston MN,2025-07-02,35.69,47.843,-96.596
USGS_05082500,Red River at Crookston MN,2025-07-03,35.98,47.843,-96.596
USGS_05082500,Red River at Crookston MN,2025-07-04,36.27,47.843,-96.596
USGS_05082500,Red River at Crookston MN,2025-07-05,36.43,47.843,-96.596
USGS_05082500,Red River at Crookston MN,2025-07-06,36.37,47.843,-96.596
USGS_05082500,Red River at Crookston MN,2025-07-07,35.96,47.843,-96.596
USGS_05082500,Red River at Crookston MN,2025-07-08,36.18,47.843,-96.596
USGS_05082500,Red River at Crookston MN,2025-07-09,36.08,47.843,-96.596
USGS_05082500,Red River at Crookston MN,2025-07-10,36.06,47.843,-96.596
USGS_05082500,Red River at Crookston MN,2025-07-11,36.38,47.843,-96.596
USGS_05082500,Red River at Crookston MN,2025-07-12,35.74,47.843,-96.596
USGS_05082500,Red River at Crookston MN,2025-07-13,35.65,47.843,-96.596
USGS_05082500,Red River at Crookston MN,2025-07-14,35.89,47.843,-96.596
USGS_05082500,Red River at Crookston MN,2025-07-15,36.11,47.843,-96.596
USGS_05082500,Red River at Crookston MN,2025-07-16,35.68,47.843,-96.596
USGS_05082500,Red River at Crookston MN,2025-07-17,36.07,47.843,-96.596
USGS_05082500,Red River at Crookston MN,2025-07-18,36.08,47.843,-96.596
USGS_05082500,Red River at Crookston MN,2025-07-19,36.88,47.843,-96.596
USGS_05082500,Red River at Crookston MN,2025-07-20,37.23,47.843,-96.596
USGS_05082500,Red River at Crookston MN,2025-07-21,37.63,47.843,-96.596
USGS_05082500,Red River at Crookston MN,2025-07-22,37.93,47.843,-96.596
USGS_05082500,Red River at Crookston MN,2025-07-23,37.39,47.843,-96.596
USGS_05082500,Red River at Crookston MN,2025-07-24,37.58,47.843,-96.596
USGS_05082500,Red River at Crookston MN,2025-07-25,37.69,47.843,-96.596
USGS_05082500,Red River at Crookston MN,2025-07-26,37.09,47.843,-96.596
USGS_05082500,Red River at Crookston MN,2025-07-27,36.88,47.843,-96.596
USGS_05082500,Red River at Crookston MN,2025-07-28,36.8,47.843,-96.596
USGS_05082500,Red River at Crookston MN,2025-07-29,36.67,47.843,-96.596
USGS_05082500,Red River at Crookston MN,2025-07-30,36.43,47.843,-96.596
USGS_05082500,Red River at Crookston MN,2025-07-31,36.31,47.843,-96.596
USGS_05079000,Red Lake River at Crookston MN,2025-04-01,13.63,47.843,-96.596
USGS_05079000,Red Lake River at Crookston MN,2025-04-02,14.32,47.843,-96.596
USGS_05079000,Red Lake River at Crookston MN,2025-04-03,14.11,47.843,-96.596
USGS_05079000,Red Lake River at Crookston MN,2025-04-04,13.91,47.843,-96.596
USGS_05079000,Red Lake River at Crookston MN,2025-04-05,13.86,47.843,-96.596
USGS_05079000,Red Lake River at Crookston MN,2025-04-06,13.75,47.843,-96.596
USGS_05079000,Red Lake River at Crookston MN,2025-04-07,13.18,47.843,-96.596
USGS_05079000,Red Lake River at Crookston MN,2025-04-08,13.15,47.843,-96.596
USGS_05079000,Red Lake River at Crookston MN,2025-04-09,12.56,47.843,-96.596
USGS_05079000,Red Lake River at Crookston MN,2025-04-10,12.59,47.843,-96.596
USGS_05079000,Red Lake River at Crookston MN,2025-04-11,12.45,47.843,-96.596
USGS_05079000,Red Lake River at Crookston MN,2025-04-12,12.69,47.843,-96.596
USGS_05079000,Red Lake River at Crookston MN,2025-04-13,12.82,47.843,-96.596
USGS_05079000,Red Lake River at Crookston MN,2025-04-14,13.32,47.843,-96.596
USGS_05079000,Red Lake River at Crookston MN,2025-04-15,13.14,47.843,-96.596
USGS_05079000,Red Lake River at Crookston MN,2025-04-16,13.04,47.843,-96.596
USGS_05079000,Red Lake River at Crookston MN,2025-04-17,13.8,47.843,-96.596
USGS_05079000,Red Lake River at Crookston MN,2025-04-18,14.63,47.843,-96.596
USGS_05079000,Red Lake River at Crookston MN,2025-04-19,14.81,47.843,-96.596
USGS_05079000,Red Lake River at Crookston MN,2025-04-20,14.87,47.843,-96.596
USGS_05079000,Red Lake River at Crookston MN,2025-04-21,14.74,47.843,-96.596
USGS_05079000,Red Lake River at Crookston MN,2025-04-22,14.49,47.843,-96.596
USGS_05079000,Red Lake River at Crookston MN,2025-04-23,14.28,47.843,-96.596
USGS_05079000,Red Lake River at Crookston MN,2025-04-24,14.08,47.843,-96.596
USGS_05079000,Red Lake River at Crookston MN,2025-04-25,13.98,47.843,-96.596
USGS_05079000,Red Lake River at Crookston MN,2025-04-26,13.9,47.843,-96.596
USGS_05079000,Red Lake River at Crookston MN,2025-04-27,13.86,47.843,-96.596
USGS_05079000,Red Lake River at Crookston MN,2025-04-28,14.14,47.843,-96.596
USGS_05079000,Red Lake River at Crookston MN,2025-04-29,13.96,47.843,-96.596
USGS_05079000,Red Lake River at Crookston MN,2025-04-30,13.54,47.843,-96.596
USGS_05079000,Red Lake River at Crookston MN,2025-05-01,13.76,47.843,-96.596
USGS_05079000,Red Lake River at Crookston MN,2025-05-02,13.75,47.843,-96.596
USGS_05079000,Red Lake River at Crookston MN,2025-05-03,13.95,47.843,-96.596
USGS_05079000,Red Lake River at Crookston MN,2025-05-04,13.63,47.843,-96.596
USGS_05079000,Red Lake River at Crookston MN,2025-05-05,13.17,47.843,-96.596
USGS_05079000,Red Lake River at Crookston MN,2025-05-06,12.9,47.843,-96.596
USGS_05079000,Red Lake River at Crookston MN,2025-05-07,13.13,47.843,-96.596
USGS_05079000,Red Lake River at Crookston MN,2025-05-08,12.92,47.843,-96.596
USGS_05079000,Red Lake River at Crookston MN,2025-05-09,12.86,47.843,-96.596
USGS_05079000,Red Lake River at Crookston MN,2025-05-10,13.18,47.843,-96.596
USGS_05079000,Red Lake River at Crookston MN,2025-05-11,12.98,47.843,-96.596
USGS_05079000,Red Lake River at Crookston MN,2025-05-12,12.86,47.843,-96.596
USGS_05079000,Red Lake River at Crookston MN,2025-05-13,13.04,47.843,-96.596
USGS_05079000,Red Lake River at Crookston MN,2025-05-14,13.48,47.843,-96.596
USGS_05079000,Red Lake River at Crookston MN,2025-05-15,13.38,47.843,-96.596
USGS_05079000,Red Lake River at Crookston MN,2025-05-16,13.52,47.843,-96.596
USGS_05079000,Red Lake River at Crookston MN,2025-05-17,14.35,47.843,-96.596
USGS_05079000,Red Lake River at Crookston MN,2025-05-18,14.02,47.843,-96.596
USGS_05079000,Red Lake River at Crookston MN,2025-05-19,14.11,47.843,-96.596
USGS_05079000,Red Lake River at Crookston MN,2025-05-20,14.65,47.843,-96.596
USGS_05079000,Red Lake River at Crookston MN,2025-05-21,14.64,47.843,-96.596
USGS_05079000,Red Lake River at Crookston MN,2025-05-22,14.57,47.843,-96.596
USGS_05079000,Red Lake River at Crookston MN,2025-05-23,14.39,47.843,-96.596
USGS_05079000,Red Lake River at Crookston MN,2025-05-24,14.58,47.843,-96.596
USGS_05079000,Red Lake River at Crookston MN,2025-05-25,15.1,47.843,-96.596
USGS_05079000,Red Lake River at Crookston MN,2025-05-26,15.29,47.843,-96.596
USGS_05079000,Red Lake River at Crookston MN,2025-05-27,15.98,47.843,-96.596
USGS_05079000,Red Lake River at Crookston MN,2025-05-28,16.22,47.843,-96.596
USGS_05079000,Red Lake River at Crookston MN,2025-05-29,16.64,47.843,-96.596
USGS_05079000,Red Lake River at Crookston MN,2025-05-30,17.4,47.843,-96.596
USGS_05079000,Red Lake River at Crookston MN,2025-05-31,16.8,47.843,-96.596
USGS_05079000,Red Lake River at Crookston MN,2025-06-01,16.45,47.843,-96.596
USGS_05079000,Red Lake River at Crookston MN,2025-06-02,16.19,47.843,-96.596
USGS_05079000,Red Lake River at Crookston MN,2025-06-03,15.91,47.843,-96.596
USGS_05079000,Red Lake River at Crookston MN,2025-06-04,16.68,47.843,-96.596
USGS_05079000,Red Lake River at Crookston MN,2025-06-05,16.77,47.843,-96.596
USGS_05079000,Red Lake River at Crookston MN,2025-06-06,17.21,47.843,-96.596
USGS_05079000,Red Lake River at Crookston MN,2025-06-07,17.36,47.843,-96.596
USGS_05079000,Red Lake River at Crookston MN,2025-06-08,17.46,47.843,-96.596
USGS_05079000,Red Lake River at Crookston MN,2025-06-09,16.71,47.843,-96.596
USGS_05079000,Red Lake River at Crookston MN,2025-06-10,16.4,47.843,-96.596
USGS_05079000,Red Lake River at Crookston MN,2025-06-11,16.14,47.843,-96.596
USGS_05079000,Red Lake River at Crookston MN,2025-06-12,15.54,47.843,-96.596
USGS_05079000,Red Lake River at Crookston MN,2025-06-13,16.49,47.843,-96.596
USGS_05079000,Red Lake River at Crookston MN,2025-06-14,16.39,47.843,-96.596
USGS_05079000,Red Lake River at Crookston MN,2025-06-15,16.05,47.843,-96.596
USGS_05079000,Red Lake River at Crookston MN,2025-06-16,16.28,47.843,-96.596
USGS_05079000,Red Lake River at Crookston MN,2025-06-17,16.38,47.843,-96.596
USGS_05079000,Red Lake River at Crookston MN,2025-06-18,16.13,47.843,-96.596
USGS_05079000,Red Lake River at Crookston MN,2025-06-19,16.04,47.843,-96.596
USGS_05079000,Red Lake River at Crookston MN,2025-06-20,16.51,47.843,-96.596
USGS_05079000,Red Lake River at Crookston MN,2025-06-21,16.8,47.843,-96.596
USGS_05079000,Red Lake River at Crookston MN,2025-06-22,16.92,47.843,-96.596
USGS_05079000,Red Lake River at Crookston MN,2025-06-23,17.11,47.843,-96.596
USGS_05079000,Red Lake River at Crookston MN,2025-06-24,17.25,47.843,-96.596
USGS_05079000,Red Lake River at Crookston MN,2025-06-25,16.58,47.843,-96.596
USGS_05079000,Red Lake River at Crookston MN,2025-06-26,16.99,47.843,-96.596
USGS_05079000,Red Lake River at Crookston MN,2025-06-27,16.88,47.843,-96.596
USGS_05079000,Red Lake River at Crookston MN,2025-06-28,17.04,47.843,-96.596
USGS_05079000,Red Lake River at Crookston MN,2025-06-29,16.99,47.843,-96.596
USGS_05079000,Red Lake River at Crookston MN,2025-06-30,17.19,47.843,-96.596
USGS_05079000,Red Lake River at Crookston MN,2025-07-01,16.71,47.843,-96.596
USGS_05079000,Red Lake River at Crookston MN,2025-07-02,17.1,47.843,-96.596
USGS_05079000,Red Lake River at Crookston MN,2025-07-03,17.45,47.843,-96.596
USGS_05079000,Red Lake River at Crookston MN,2025-07-04,17.01,47.843,-96.596
USGS_05079000,Red Lake River at Crookston MN,2025-07-05,17.23,47.843,-96.596
USGS_05079000,Red Lake River at Crookston MN,2025-07-06,17.17,47.843,-96.596
USGS_05079000,Red Lake River at Crookston MN,2025-07-07,17.2,47.843,-96.596
USGS_05079000,Red Lake River at Crookston MN,2025-07-08,16.91,47.843,-96.596
USGS_05079000,Red Lake River at Crookston MN,2025-07-09,16.98,47.843,-96.596
USGS_05079000,Red Lake River at Crookston MN,2025-07-10,16.69,47.843,-96.596
USGS_05079000,Red Lake River at Crookston MN,2025-07-11,16.69,47.843,-96.596
USGS_05079000,Red Lake River at Crookston MN,2025-07-12,16.8,47.843,-96.596
USGS_05079000,Red Lake River at Crookston MN,2025-07-13,17.0,47.843,-96.596
USGS_05079000,Red Lake River at Crookston MN,2025-07-14,16.98,47.843,-96.596
USGS_05079000,Red Lake River at Crookston MN,2025-07-15,16.69,47.843,-96.596
USGS_05079000,Red Lake River at Crookston MN,2025-07-16,16.58,47.843,-96.596
USGS_05079000,Red Lake River at Crookston MN,2025-07-17,16.55,47.843,-96.596
USGS_05079000,Red Lake River at Crookston MN,2025-07-18,15.88,47.843,-96.596
USGS_05079000,Red Lake River at Crookston MN,2025-07-19,16.67,47.843,-96.596
USGS_05079000,Red Lake River at Crookston MN,2025-07-20,16.88,47.843,-96.596
USGS_05079000,Red Lake River at Crookston MN,2025-07-21,17.21,47.843,-96.596
USGS_05079000,Red Lake River at Crookston MN,2025-07-22,17.96,47.843,-96.596
USGS_05079000,Red Lake River at Crookston MN,2025-07-23,17.65,47.843,-96.596
USGS_05079000,Red Lake River at Crookston MN,2025-07-24,18.02,47.843,-96.596
USGS_05079000,Red Lake River at Crookston MN,2025-07-25,18.71,47.843,-96.596
USGS_05079000,Red Lake River at Crookston MN,2025-07-26,19.35,47.843,-96.596
USGS_05079000,Red Lake River at Crookston MN,2025-07-27,19.3,47.843,-96.596
USGS_05079000,Red Lake River at Crookston MN,2025-07-28,19.59,47.843,-96.596
USGS_05079000,Red Lake River at Crookston MN,2025-07-29,19.3,47.843,-96.596
USGS_05079000,Red Lake River at Crookston MN,2025-07-30,19.14,47.843,-96.596
USGS_05079000,Red Lake River at Crookston MN,2025-07-31,18.94,47.843,-96.596
USGS_05087500,Red River at St Hilaire MN,2025-04-01,22.09,48.033,-96.247
USGS_05087500,Red River at St Hilaire MN,2025-04-02,22.25,48.033,-96.247
USGS_05087500,Red River at St Hilaire MN,2025-04-03,22.66,48.033,-96.247
USGS_05087500,Red River at St Hilaire MN,2025-04-04,23.1,48.033,-96.247
USGS_05087500,Red River at St Hilaire MN,2025-04-05,23.23,48.033,-96.247
USGS_05087500,Red River at St Hilaire MN,2025-04-06,23.84,48.033,-96.247
USGS_05087500,Red River at St Hilaire MN,2025-04-07,23.78,48.033,-96.247
USGS_05087500,Red River at St Hilaire MN,2025-04-08,23.81,48.033,-96.247
USGS_05087500,Red River at St Hilaire MN,2025-04-09,23.35,48.033,-96.247
USGS_05087500,Red River at St Hilaire MN,2025-04-10,23.33,48.033,-96.247
USGS_05087500,Red River at St Hilaire MN,2025-04-11,23.97,48.033,-96.247
USGS_05087500,Red River at St Hilaire MN,2025-04-12,23.76,48.033,-96.247
USGS_05087500,Red River at St Hilaire MN,2025-04-13,23.96,48.033,-96.247
USGS_05087500,Red River at St Hilaire MN,2025-04-14,24.28,48.033,-96.247
USGS_05087500,Red River at St Hilaire MN,2025-04-15,24.18,48.033,-96.247
USGS_05087500,Red River at St Hilaire MN,2025-04-16,24.12,48.033,-96.247
USGS_05087500,Red River at St Hilaire MN,2025-04-17,23.89,48.033,-96.247
USGS_05087500,Red River at St Hilaire MN,2025-04-18,24.15,48.033,-96.247
USGS_05087500,Red River at St Hilaire MN,2025-04-19,24.44,48.033,-96.247
USGS_05087500,Red River at St Hilaire MN,2025-04-20,24.9,48.033,-96.247
USGS_05087500,Red River at St Hilaire MN,2025-04-21,24.84,48.033,-96.247
USGS_05087500,Red River at St Hilaire MN,2025-04-22,24.74,48.033,-96.247
USGS_05087500,Red River at St Hilaire MN,2025-04-23,24.41,48.033,-96.247
USGS_05087500,Red River at St Hilaire MN,2025-04-24,24.82,48.033,-96.247
USGS_05087500,Red River at St Hilaire MN,2025-04-25,25.32,48.033,-96.247
USGS_05087500,Red River at St Hilaire MN,2025-04-26,25.38,48.033,-96.247
USGS_05087500,Red River at St Hilaire MN,2025-04-27,25.77,48.033,-96.247
USGS_05087500,Red River at St Hilaire MN,2025-04-28,26.07,48.033,-96.247
USGS_05087500,Red River at St Hilaire MN,2025-04-29,26.49,48.033,-96.247
USGS_05087500,Red River at St Hilaire MN,2025-04-30,26.82,48.033,-96.247
USGS_05087500,Red River at St Hilaire MN,2025-05-01,26.53,48.033,-96.247
USGS_05087500,Red River at St Hilaire MN,2025-05-02,26.3,48.033,-96.247
USGS_05087500,Red River at St Hilaire MN,2025-05-03,26.75,48.033,-96.247
USGS_05087500,Red River at St Hilaire MN,2025-05-04,26.73,48.033,-96.247
USGS_05087500,Red River at St Hilaire MN,2025-05-05,26.37,48.033,-96.247
USGS_05087500,Red River at St Hilaire MN,2025-05-06,26.27,48.033,-96.247
USGS_05087500,Red River at St Hilaire MN,2025-05-07,27.03,48.033,-96.247
USGS_05087500,Red River at St Hilaire MN,2025-05-08,26.84,48.033,-96.247
USGS_05087500,Red River at St Hilaire MN,2025-05-09,26.86,48.033,-96.247
USGS_05087500,Red River at St Hilaire MN,2025-05-10,26.92,48.033,-96.247
USGS_05087500,Red River at St Hilaire MN,2025-05-11,27.32,48.033,-96.247
USGS_05087500,Red River at St Hilaire MN,2025-05-12,27.39,48.033,-96.247
USGS_05087500,Red River at St Hilaire MN,2025-05-13,27.06,48.033,-96.247
USGS_05087500,Red River at St Hilaire MN,2025-05-14,27.28,48.033,-96.247
USGS_05087500,Red River at St Hilaire MN,2025-05-15,27.57,48.033,-96.247
USGS_05087500,Red River at St Hilaire MN,2025-05-16,27.3,48.033,-96.247
USGS_05087500,Red River at St Hilaire MN,2025-05-17,27.13,48.033,-96.247
USGS_05087500,Red River at St Hilaire MN,2025-05-18,26.83,48.033,-96.247
USGS_05087500,Red River at St Hilaire MN,2025-05-19,26.81,48.033,-96.247
USGS_05087500,Red River at St Hilaire MN,2025-05-20,26.31,48.033,-96.247
USGS_05087500,Red River at St Hilaire MN,2025-05-21,26.38,48.033,-96.247
USGS_05087500,Red River at St Hilaire MN,2025-05-22,26.53,48.033,-96.247
USGS_05087500,Red River at St Hilaire MN,2025-05-23,27.27,48.033,-96.247
USGS_05087500,Red River at St Hilaire MN,2025-05-24,27.44,48.033,-96.247
USGS_05087500,Red River at St Hilaire MN,2025-05-25,27.52,48.033,-96.247
USGS_05087500,Red River at St Hilaire MN,2025-05-26,27.49,48.033,-96.247
USGS_05087500,Red River at St Hilaire MN,2025-05-27,27.67,48.033,-96.247
USGS_05087500,Red River at St Hilaire MN,2025-05-28,27.67,48.033,-96.247
USGS_05087500,Red River at St Hilaire MN,2025-05-29,28.24,48.033,-96.247
USGS_05087500,Red River at St Hilaire MN,2025-05-30,28.87,48.033,-96.247
USGS_05087500,Red River at St Hilaire MN,2025-05-31,29.12,48.033,-96.247
USGS_05087500,Red River at St Hilaire MN,2025-06-01,29.09,48.033,-96.247
USGS_05087500,Red River at St Hilaire MN,2025-06-02,30.05,48.033,-96.247
USGS_05087500,Red River at St Hilaire MN,2025-06-03,30.37,48.033,-96.247
USGS_05087500,Red River at St Hilaire MN,2025-06-04,29.95,48.033,-96.247
USGS_05087500,Red River at St Hilaire MN,2025-06-05,29.65,48.033,-96.247
USGS_05087500,Red River at St Hilaire MN,2025-06-06,30.29,48.033,-96.247
USGS_05087500,Red River at St Hilaire MN,2025-06-07,30.75,48.033,-96.247
USGS_05087500,Red River at St Hilaire MN,2025-06-08,30.35,48.033,-96.247
USGS_05087500,Red River at St Hilaire MN,2025-06-09,30.38,48.033,-96.247
USGS_05087500,Red River at St Hilaire MN,2025-06-10,30.21,48.033,-96.247
USGS_05087500,Red River at St Hilaire MN,2025-06-11,30.47,48.033,-96.247
USGS_05087500,Red River at St Hilaire MN,2025-06-12,30.4,48.033,-96.247
USGS_05087500,Red River at St Hilaire MN,2025-06-13,30.22,48.033,-96.247
USGS_05087500,Red River at St Hilaire MN,2025-06-14,31.22,48.033,-96.247
USGS_05087500,Red River at St Hilaire MN,2025-06-15,31.9,48.033,-96.247
USGS_05087500,Red River at St Hilaire MN,2025-06-16,31.21,48.033,-96.247
USGS_05087500,Red River at St Hilaire MN,2025-06-17,31.42,48.033,-96.247
USGS_05087500,Red River at St Hilaire MN,2025-06-18,31.56,48.033,-96.247
USGS_05087500,Red River at St Hilaire MN,2025-06-19,31.88,48.033,-96.247
USGS_05087500,Red River at St Hilaire MN,2025-06-20,32.06,48.033,-96.247
USGS_05087500,Red River at St Hilaire MN,2025-06-21,32.17,48.033,-96.247
USGS_05087500,Red River at St Hilaire MN,2025-06-22,32.45,48.033,-96.247
USGS_05087500,Red River at St Hilaire MN,2025-06-23,32.1,48.033,-96.247
USGS_05087500,Red River at St Hilaire MN,2025-06-24,31.65,48.033,-96.247
USGS_05087500,Red River at St Hilaire MN,2025-06-25,30.87,48.033,-96.247
USGS_05087500,Red River at St Hilaire MN,2025-06-26,30.38,48.033,-96.247
USGS_05087500,Red River at St Hilaire MN,2025-06-27,29.95,48.033,-96.247
USGS_05087500,Red River at St Hilaire MN,2025-06-28,29.74,48.033,-96.247
USGS_05087500,Red River at St Hilaire MN,2025-06-29,30.16,48.033,-96.247
USGS_05087500,Red River at St Hilaire MN,2025-06-30,30.08,48.033,-96.247
USGS_05087500,Red River at St Hilaire MN,2025-07-01,29.99,48.033,-96.247
USGS_05087500,Red River at St Hilaire MN,2025-07-02,30.03,48.033,-96.247
USGS_05087500,Red River at St Hilaire MN,2025-07-03,30.28,48.033,-96.247
USGS_05087500,Red River at St Hilaire MN,2025-07-04,31.15,48.033,-96.247
USGS_05087500,Red River at St Hilaire MN,2025-07-05,31.59,48.033,-96.247
USGS_05087500,Red River at St Hilaire MN,2025-07-06,32.06,48.033,-96.247
USGS_05087500,Red River at St Hilaire MN,2025-07-07,31.49,48.033,-96.247
USGS_05087500,Red River at St Hilaire MN,2025-07-08,31.55,48.033,-96.247
USGS_05087500,Red River at St Hilaire MN,2025-07-09,31.55,48.033,-96.247
USGS_05087500,Red River at St Hilaire MN,2025-07-10,31.87,48.033,-96.247
USGS_05087500,Red River at St Hilaire MN,2025-07-11,32.42,48.033,-96.247
USGS_05087500,Red River at St Hilaire MN,2025-07-12,32.18,48.033,-96.247
USGS_05087500,Red River at St Hilaire MN,2025-07-13,31.91,48.033,-96.247
USGS_05087500,Red River at St Hilaire MN,2025-07-14,31.35,48.033,-96.247
USGS_05087500,Red River at St Hilaire MN,2025-07-15,31.09,48.033,-96.247
USGS_05087500,Red River at St Hilaire MN,2025-07-16,31.33,48.033,-96.247
USGS_05087500,Red River at St Hilaire MN,2025-07-17,31.37,48.033,-96.247
USGS_05087500,Red River at St Hilaire MN,2025-07-18,31.56,48.033,-96.247
USGS_05087500,Red River at St Hilaire MN,2025-07-19,31.41,48.033,-96.247
USGS_05087500,Red River at St Hilaire MN,2025-07-20,31.69,48.033,-96.247
USGS_05087500,Red River at St Hilaire MN,2025-07-21,31.75,48.033,-96.247
USGS_05087500,Red River at St Hilaire MN,2025-07-22,32.0,48.033,-96.247
USGS_05087500,Red River at St Hilaire MN,2025-07-23,32.61,48.033,-96.247
USGS_05087500,Red River at St Hilaire MN,2025-07-24,32.7,48.033,-96.247
USGS_05087500,Red River at St Hilaire MN,2025-07-25,32.45,48.033,-96.247
USGS_05087500,Red River at St Hilaire MN,2025-07-26,32.38,48.033,-96.247
USGS_05087500,Red River at St Hilaire MN,2025-07-27,32.91,48.033,-96.247
USGS_05087500,Red River at St Hilaire MN,2025-07-28,33.12,48.033,-96.247
USGS_05087500,Red River at St Hilaire MN,2025-07-29,33.36,48.033,-96.247
USGS_05087500,Red River at St Hilaire MN,2025-07-30,33.57,48.033,-96.247
USGS_05087500,Red River at St Hilaire MN,2025-07-31,33.63,48.033,-96.247
USGS_05092000,Red River at Drayton ND,2025-04-01,34.34,48.557,-97.141
USGS_05092000,Red River at Drayton ND,2025-04-02,34.91,48.557,-97.141
USGS_05092000,Red River at Drayton ND,2025-04-03,34.61,48.557,-97.141
USGS_05092000,Red River at Drayton ND,2025-04-04,34.86,48.557,-97.141
USGS_05092000,Red River at Drayton ND,2025-04-05,34.9,48.557,-97.141
USGS_05092000,Red River at Drayton ND,2025-04-06,34.72,48.557,-97.141
USGS_05092000,Red River at Drayton ND,2025-04-07,34.67,48.557,-97.141
USGS_05092000,Red River at Drayton ND,2025-04-08,35.12,48.557,-97.141
USGS_05092000,Red River at Drayton ND,2025-04-09,35.46,48.557,-97.141
USGS_05092000,Red River at Drayton ND,2025-04-10,35.96,48.557,-97.141
USGS_05092000,Red River at Drayton ND,2025-04-11,36.24,48.557,-97.141
USGS_05092000,Red River at Drayton ND,2025-04-12,36.44,48.557,-97.141
USGS_05092000,Red River at Drayton ND,2025-04-13,37.0,48.557,-97.141
USGS_05092000,Red River at Drayton ND,2025-04-14,36.99,48.557,-97.141
USGS_05092000,Red River at Drayton ND,2025-04-15,37.25,48.557,-97.141
USGS_05092000,Red River at Drayton ND,2025-04-16,37.61,48.557,-97.141
USGS_05092000,Red River at Drayton ND,2025-04-17,37.05,48.557,-97.141
USGS_05092000,Red River at Drayton ND,2025-04-18,37.24,48.557,-97.141
USGS_05092000,Red River at Drayton ND,2025-04-19,36.85,48.557,-97.141
USGS_05092000,Red River at Drayton ND,2025-04-20,36.84,48.557,-97.141
USGS_05092000,Red River at Drayton ND,2025-04-21,36.48,48.557,-97.141
USGS_05092000,Red River at Drayton ND,2025-04-22,36.68,48.557,-97.141
USGS_05092000,Red River at Drayton ND,2025-04-23,37.64,48.557,-97.141
USGS_05092000,Red River at Drayton ND,2025-04-24,37.25,48.557,-97.141
USGS_05092000,Red River at Drayton ND,2025-04-25,37.8,48.557,-97.141
USGS_05092000,Red River at Drayton ND,2025-04-26,37.51,48.557,-97.141
USGS_05092000,Red River at Drayton ND,2025-04-27,37.41,48.557,-97.141
USGS_05092000,Red River at Drayton ND,2025-04-28,37.4,48.557,-97.141
USGS_05092000,Red River at Drayton ND,2025-04-29,37.33,48.557,-97.141
USGS_05092000,Red River at Drayton ND,2025-04-30,37.35,48.557,-97.141
USGS_05092000,Red River at Drayton ND,2025-05-01,37.27,48.557,-97.141
USGS_05092000,Red River at Drayton ND,2025-05-02,37.57,48.557,-97.141
USGS_05092000,Red River at Drayton ND,2025-05-03,37.96,48.557,-97.141
USGS_05092000,Red River at Drayton ND,2025-05-04,37.94,48.557,-97.141
USGS_05092000,Red River at Drayton ND,2025-05-05,37.7,48.557,-97.141
USGS_05092000,Red River at Drayton ND,2025-05-06,37.69,48.557,-97.141
USGS_05092000,Red River at Drayton ND,2025-05-07,37.77,48.557,-97.141
USGS_05092000,Red River at Drayton ND,2025-05-08,37.95,48.557,-97.141
USGS_05092000,Red River at Drayton ND,2025-05-09,37.2,48.557,-97.141
USGS_05092000,Red River at Drayton ND,2025-05-10,36.92,48.557,-97.141
USGS_05092000,Red River at Drayton ND,2025-05-11,37.29,48.557,-97.141
USGS_05092000,Red River at Drayton ND,2025-05-12,37.43,48.557,-97.141
USGS_05092000,Red River at Drayton ND,2025-05-13,37.28,48.557,-97.141
USGS_05092000,Red River at Drayton ND,2025-05-14,37.89,48.557,-97.141
USGS_05092000,Red River at Drayton ND,2025-05-15,38.15,48.557,-97.141
USGS_05092000,Red River at Drayton ND,2025-05-16,38.22,48.557,-97.141
USGS_05092000,Red River at Drayton ND,2025-05-17,38.44,48.557,-97.141
USGS_05092000,Red River at Drayton ND,2025-05-18,38.36,48.557,-97.141
USGS_05092000,Red River at Drayton ND,2025-05-19,38.25,48.557,-97.141
USGS_05092000,Red River at Drayton ND,2025-05-20,38.61,48.557,-97.141
USGS_05092000,Red River at Drayton ND,2025-05-21,38.84,48.557,-97.141
USGS_05092000,Red River at Drayton ND,2025-05-22,38.61,48.557,-97.141
USGS_05092000,Red River at Drayton ND,2025-05-23,38.66,48.557,-97.141
USGS_05092000,Red River at Drayton ND,2025-05-24,38.52,48.557,-97.141
USGS_05092000,Red River at Drayton ND,2025-05-25,39.18,48.557,-97.141
USGS_05092000,Red River at Drayton ND,2025-05-26,39.35,48.557,-97.141
USGS_05092000,Red River at Drayton ND,2025-05-27,38.89,48.557,-97.141
USGS_05092000,Red River at Drayton ND,2025-05-28,39.18,48.557,-97.141
USGS_05092000,Red River at Drayton ND,2025-05-29,39.36,48.557,-97.141
USGS_05092000,Red River at Drayton ND,2025-05-30,39.55,48.557,-97.141
USGS_05092000,Red River at Drayton ND,2025-05-31,39.35,48.557,-97.141
USGS_05092000,Red River at Drayton ND,2025-06-01,39.64,48.557,-97.141
USGS_05092000,Red River at Drayton ND,2025-06-02,39.58,48.557,-97.141
USGS_05092000,Red River at Drayton ND,2025-06-03,39.3,48.557,-97.141
USGS_05092000,Red River at Drayton ND,2025-06-04,39.16,48.557,-97.141
USGS_05092000,Red River at Drayton ND,2025-06-05,39.23,48.557,-97.141
USGS_05092000,Red River at Drayton ND,2025-06-06,38.75,48.557,-97.141
USGS_05092000,Red River at Drayton ND,2025-06-07,39.02,48.557,-97.141
USGS_05092000,Red River at Drayton ND,2025-06-08,38.84,48.557,-97.141
USGS_05092000,Red River at Drayton ND,2025-06-09,39.29,48.557,-97.141
USGS_05092000,Red River at Drayton ND,2025-06-10,39.2,48.557,-97.141
USGS_05092000,Red River at Drayton ND,2025-06-11,38.93,48.557,-97.141
USGS_05092000,Red River at Drayton ND,2025-06-12,38.78,48.557,-97.141
USGS_05092000,Red River at Drayton ND,2025-06-13,39.23,48.557,-97.141
USGS_05092000,Red River at Drayton ND,2025-06-14,38.68,48.557,-97.141
USGS_05092000,Red River at Drayton ND,2025-06-15,38.8,48.557,-97.141
USGS_05092000,Red River at Drayton ND,2025-06-16,38.74,48.557,-97.141
USGS_05092000,Red River at Drayton ND,2025-06-17,38.81,48.557,-97.141
USGS_05092000,Red River at Drayton ND,2025-06-18,38.86,48.557,-97.141
USGS_05092000,Red River at Drayton ND,2025-06-19,38.81,48.557,-97.141
USGS_05092000,Red River at Drayton ND,2025-06-20,40.05,48.557,-97.141
USGS_05092000,Red River at Drayton ND,2025-06-21,40.45,48.557,-97.141
USGS_05092000,Red River at Drayton ND,2025-06-22,40.59,48.557,-97.141
USGS_05092000,Red River at Drayton ND,2025-06-23,40.37,48.557,-97.141
USGS_05092000,Red River at Drayton ND,2025-06-24,39.87,48.557,-97.141
USGS_05092000,Red River at Drayton ND,2025-06-25,40.41,48.557,-97.141
USGS_05092000,Red River at Drayton ND,2025-06-26,40.87,48.557,-97.141
USGS_05092000,Red River at Drayton ND,2025-06-27,40.6,48.557,-97.141
USGS_05092000,Red River at Drayton ND,2025-06-28,41.43,48.557,-97.141
USGS_05092000,Red River at Drayton ND,2025-06-29,41.15,48.557,-97.141
USGS_05092000,Red River at Drayton ND,2025-06-30,40.89,48.557,-97.141
USGS_05092000,Red River at Drayton ND,2025-07-01,40.81,48.557,-97.141
USGS_05092000,Red River at Drayton ND,2025-07-02,40.65,48.557,-97.141
USGS_05092000,Red River at Drayton ND,2025-07-03,40.42,48.557,-97.141
USGS_05092000,Red River at Drayton ND,2025-07-04,41.02,48.557,-97.141
USGS_05092000,Red River at Drayton ND,2025-07-05,40.68,48.557,-97.141
USGS_05092000,Red River at Drayton ND,2025-07-06,41.2,48.557,-97.141
USGS_05092000,Red River at Drayton ND,2025-07-07,41.25,48.557,-97.141
USGS_05092000,Red River at Drayton ND,2025-07-08,41.5,48.557,-97.141
USGS_05092000,Red River at Drayton ND,2025-07-09,41.08,48.557,-97.141
USGS_05092000,Red River at Drayton ND,2025-07-10,41.34,48.557,-97.141
USGS_05092000,Red River at Drayton ND,2025-07-11,41.18,48.557,-97.141
USGS_05092000,Red River at Drayton ND,2025-07-12,41.8,48.557,-97.141
USGS_05092000,Red River at Drayton ND,2025-07-13,42.82,48.557,-97.141
USGS_05092000,Red River at Drayton ND,2025-07-14,42.58,48.557,-97.141
USGS_05092000,Red River at Drayton ND,2025-07-15,42.76,48.557,-97.141
USGS_05092000,Red River at Drayton ND,2025-07-16,42.98,48.557,-97.141
USGS_05092000,Red River at Drayton ND,2025-07-17,43.69,48.557,-97.141
USGS_05092000,Red River at Drayton ND,2025-07-18,43.62,48.557,-97.141
USGS_05092000,Red River at Drayton ND,2025-07-19,44.15,48.557,-97.141
USGS_05092000,Red River at Drayton ND,2025-07-20,44.31,48.557,-97.141
USGS_05092000,Red River at Drayton ND,2025-07-21,44.09,48.557,-97.141
USGS_05092000,Red River at Drayton ND,2025-07-22,44.24,48.557,-97.141
USGS_05092000,Red River at Drayton ND,2025-07-23,44.3,48.557,-97.141
USGS_05092000,Red River at Drayton ND,2025-07-24,45.0,48.557,-97.141
USGS_05092000,Red River at Drayton ND,2025-07-25,44.61,48.557,-97.141
USGS_05092000,Red River at Drayton ND,2025-07-26,45.03,48.557,-97.141
USGS_05092000,Red River at Drayton ND,2025-07-27,45.33,48.557,-97.141
USGS_05092000,Red River at Drayton ND,2025-07-28,44.95,48.557,-97.141
USGS_05092000,Red River at Drayton ND,2025-07-29,45.52,48.557,-97.141
USGS_05092000,Red River at Drayton ND,2025-07-30,46.06,48.557,-97.141
USGS_05092000,Red River at Drayton ND,2025-07-31,45.76,48.557,-97.141
USGS_05085000,Red River at Halstad MN,2025-04-01,25.7,47.267,-96.833
USGS_05085000,Red River at Halstad MN,2025-04-02,25.76,47.267,-96.833
USGS_05085000,Red River at Halstad MN,2025-04-03,25.66,47.267,-96.833
USGS_05085000,Red River at Halstad MN,2025-04-04,25.65,47.267,-96.833
USGS_05085000,Red River at Halstad MN,2025-04-05,24.8,47.267,-96.833
USGS_05085000,Red River at Halstad MN,2025-04-06,24.73,47.267,-96.833
USGS_05085000,Red River at Halstad MN,2025-04-07,24.75,47.267,-96.833
USGS_05085000,Red River at Halstad MN,2025-04-08,24.79,47.267,-96.833
USGS_05085000,Red River at Halstad MN,2025-04-09,25.12,47.267,-96.833
USGS_05085000,Red River at Halstad MN,2025-04-10,24.96,47.267,-96.833
USGS_05085000,Red River at Halstad MN,2025-04-11,24.78,47.267,-96.833
USGS_05085000,Red River at Halstad MN,2025-04-12,25.17,47.267,-96.833
USGS_05085000,Red River at Halstad MN,2025-04-13,25.37,47.267,-96.833
USGS_05085000,Red River at Halstad MN,2025-04-14,25.92,47.267,-96.833
USGS_05085000,Red River at Halstad MN,2025-04-15,26.09,47.267,-96.833
USGS_05085000,Red River at Halstad MN,2025-04-16,25.85,47.267,-96.833
USGS_05085000,Red River at Halstad MN,2025-04-17,25.72,47.267,-96.833
USGS_05085000,Red River at Halstad MN,2025-04-18,26.32,47.267,-96.833
USGS_05085000,Red River at Halstad MN,2025-04-19,27.19,47.267,-96.833
USGS_05085000,Red River at Halstad MN,2025-04-20,27.57,47.267,-96.833
USGS_05085000,Red River at Halstad MN,2025-04-21,27.48,47.267,-96.833
USGS_05085000,Red River at Halstad MN,2025-04-22,27.5,47.267,-96.833
USGS_05085000,Red River at Halstad MN,2025-04-23,27.72,47.267,-96.833
USGS_05085000,Red River at Halstad MN,2025-04-24,27.87,47.267,-96.833
USGS_05085000,Red River at Halstad MN,2025-04-25,27.7,47.267,-96.833
USGS_05085000,Red River at Halstad MN,2025-04-26,27.1,47.267,-96.833
USGS_05085000,Red River at Halstad MN,2025-04-27,27.46,47.267,-96.833
USGS_05085000,Red River at Halstad MN,2025-04-28,27.7,47.267,-96.833
USGS_05085000,Red River at Halstad MN,2025-04-29,27.86,47.267,-96.833
USGS_05085000,Red River at Halstad MN,2025-04-30,27.4,47.267,-96.833
USGS_05085000,Red River at Halstad MN,2025-05-01,27.97,47.267,-96.833
USGS_05085000,Red River at Halstad MN,2025-05-02,27.44,47.267,-96.833
USGS_05085000,Red River at Halstad MN,2025-05-03,27.56,47.267,-96.833
USGS_05085000,Red River at Halstad MN,2025-05-04,27.85,47.267,-96.833
USGS_05085000,Red River at Halstad MN,2025-05-05,27.92,47.267,-96.833
USGS_05085000,Red River at Halstad MN,2025-05-06,27.89,47.267,-96.833
USGS_05085000,Red River at Halstad MN,2025-05-07,27.8,47.267,-96.833
USGS_05085000,Red River at Halstad MN,2025-05-08,28.17,47.267,-96.833
USGS_05085000,Red River at Halstad MN,2025-05-09,27.74,47.267,-96.833
USGS_05085000,Red River at Halstad MN,2025-05-10,28.69,47.267,-96.833
USGS_05085000,Red River at Halstad MN,2025-05-11,28.81,47.267,-96.833
USGS_05085000,Red River at Halstad MN,2025-05-12,28.98,47.267,-96.833
USGS_05085000,Red River at Halstad MN,2025-05-13,28.99,47.267,-96.833
USGS_05085000,Red River at Halstad MN,2025-05-14,29.31,47.267,-96.833
USGS_05085000,Red River at Halstad MN,2025-05-15,29.14,47.267,-96.833
USGS_05085000,Red River at Halstad MN,2025-05-16,28.77,47.267,-96.833
USGS_05085000,Red River at Halstad MN,2025-05-17,28.44,47.267,-96.833
USGS_05085000,Red River at Halstad MN,2025-05-18,28.53,47.267,-96.833
USGS_05085000,Red River at Halstad MN,2025-05-19,28.12,47.267,-96.833
USGS_05085000,Red River at Halstad MN,2025-05-20,28.42,47.267,-96.833
USGS_05085000,Red River at Halstad MN,2025-05-21,28.45,47.267,-96.833
USGS_05085000,Red River at Halstad MN,2025-05-22,28.52,47.267,-96.833
USGS_05085000,Red River at Halstad MN,2025-05-23,27.73,47.267,-96.833
USGS_05085000,Red River at Halstad MN,2025-05-24,28.42,47.267,-96.833
USGS_05085000,Red River at Halstad MN,2025-05-25,28.6,47.267,-96.833
USGS_05085000,Red River at Halstad MN,2025-05-26,28.6,47.267,-96.833
USGS_05085000,Red River at Halstad MN,2025-05-27,28.65,47.267,-96.833
USGS_05085000,Red River at Halstad MN,2025-05-28,28.86,47.267,-96.833
USGS_05085000,Red River at Halstad MN,2025-05-29,28.98,47.267,-96.833
USGS_05085000,Red River at Halstad MN,2025-05-30,28.74,47.267,-96.833
USGS_05085000,Red River at Halstad MN,2025-05-31,28.63,47.267,-96.833
USGS_05085000,Red River at Halstad MN,2025-06-01,28.88,47.267,-96.833
USGS_05085000,Red River at Halstad MN,2025-06-02,28.81,47.267,-96.833
USGS_05085000,Red River at Halstad MN,2025-06-03,28.96,47.267,-96.833
USGS_05085000,Red River at Halstad MN,2025-06-04,29.41,47.267,-96.833
USGS_05085000,Red River at Halstad MN,2025-06-05,29.18,47.267,-96.833
USGS_05085000,Red River at Halstad MN,2025-06-06,29.83,47.267,-96.833
USGS_05085000,Red River at Halstad MN,2025-06-07,29.99,47.267,-96.833
USGS_05085000,Red River at Halstad MN,2025-06-08,29.23,47.267,-96.833
USGS_05085000,Red River at Halstad MN,2025-06-09,29.18,47.267,-96.833
USGS_05085000,Red River at Halstad MN,2025-06-10,28.61,47.267,-96.833
USGS_05085000,Red River at Halstad MN,2025-06-11,28.63,47.267,-96.833
USGS_05085000,Red River at Halstad MN,2025-06-12,28.59,47.267,-96.833
USGS_05085000,Red River at Halstad MN,2025-06-13,28.56,47.267,-96.833
USGS_05085000,Red River at Halstad MN,2025-06-14,28.85,47.267,-96.833
USGS_05085000,Red River at Halstad MN,2025-06-15,29.1,47.267,-96.833
USGS_05085000,Red River at Halstad MN,2025-06-16,29.68,47.267,-96.833
USGS_05085000,Red River at Halstad MN,2025-06-17,30.02,47.267,-96.833
USGS_05085000,Red River at Halstad MN,2025-06-18,30.84,47.267,-96.833
USGS_05085000,Red River at Halstad MN,2025-06-19,31.46,47.267,-96.833
USGS_05085000,Red River at Halstad MN,2025-06-20,31.1,47.267,-96.833
USGS_05085000,Red River at Halstad MN,2025-06-21,31.07,47.267,-96.833
USGS_05085000,Red River at Halstad MN,2025-06-22,31.6,47.267,-96.833
USGS_05085000,Red River at Halstad MN,2025-06-23,31.76,47.267,-96.833
USGS_05085000,Red River at Halstad MN,2025-06-24,32.16,47.267,-96.833
USGS_05085000,Red River at Halstad MN,2025-06-25,32.33,47.267,-96.833
USGS_05085000,Red River at Halstad MN,2025-06-26,32.65,47.267,-96.833
USGS_05085000,Red River at Halstad MN,2025-06-27,32.96,47.267,-96.833
USGS_05085000,Red River at Halstad MN,2025-06-28,32.69,47.267,-96.833
USGS_05085000,Red River at Halstad MN,2025-06-29,32.67,47.267,-96.833
USGS_05085000,Red River at Halstad MN,2025-06-30,32.85,47.267,-96.833
USGS_05085000,Red River at Halstad MN,2025-07-01,32.51,47.267,-96.833
USGS_05085000,Red River at Halstad MN,2025-07-02,32.17,47.267,-96.833
USGS_05085000,Red River at Halstad MN,2025-07-03,32.05,47.267,-96.833
USGS_05085000,Red River at Halstad MN,2025-07-04,31.68,47.267,-96.833
USGS_05085000,Red River at Halstad MN,2025-07-05,31.44,47.267,-96.833
USGS_05085000,Red River at Halstad MN,2025-07-06,31.24,47.267,-96.833
USGS_05085000,Red River at Halstad MN,2025-07-07,31.14,47.267,-96.833
USGS_05085000,Red River at Halstad MN,2025-07-08,31.12,47.267,-96.833
USGS_05085000,Red River at Halstad MN,2025-07-09,31.32,47.267,-96.833
USGS_05085000,Red River at Halstad MN,2025-07-10,31.31,47.267,-96.833
USGS_05085000,Red River at Halstad MN,2025-07-11,31.93,47.267,-96.833
USGS_05085000,Red River at Halstad MN,2025-07-12,32.18,47.267,-96.833
USGS_05085000,Red River at Halstad MN,2025-07-13,32.6,47.267,-96.833
USGS_05085000,Red River at Halstad MN,2025-07-14,32.89,47.267,-96.833
USGS_05085000,Red River at Halstad MN,2025-07-15,32.46,47.267,-96.833
USGS_05085000,Red River at Halstad MN,2025-07-16,32.37,47.267,-96.833
USGS_05085000,Red River at Halstad MN,2025-07-17,32.35,47.267,-96.833
USGS_05085000,Red River at Halstad MN,2025-07-18,32.54,47.267,-96.833
USGS_05085000,Red River at Halstad MN,2025-07-19,32.78,47.267,-96.833
USGS_05085000,Red River at Halstad MN,2025-07-20,33.2,47.267,-96.833
USGS_05085000,Red River at Halstad MN,2025-07-21,33.09,47.267,-96.833
USGS_05085000,Red River at Halstad MN,2025-07-22,33.18,47.267,-96.833
USGS_05085000,Red River at Halstad MN,2025-07-23,32.87,47.267,-96.833
USGS_05085000,Red River at Halstad MN,2025-07-24,33.46,47.267,-96.833
USGS_05085000,Red River at Halstad MN,2025-07-25,33.23,47.267,-96.833
USGS_05085000,Red River at Halstad MN,2025-07-26,32.96,47.267,-96.833
USGS_05085000,Red River at Halstad MN,2025-07-27,33.8,47.267,-96.833
USGS_05085000,Red River at Halstad MN,2025-07-28,34.16,47.267,-96.833
USGS_05085000,Red River at Halstad MN,2025-07-29,34.01,47.267,-96.833
USGS_05085000,Red River at Halstad MN,2025-07-30,34.43,47.267,-96.833
USGS_05085000,Red River at Halstad MN,2025-07-31,34.56,47.267,-96.833
USGS_05059000,Red River of the North at Wahpeton ND,2025-04-01,10.04,46.2661,-96.617
USGS_05059000,Red River of the North at Wahpeton ND,2025-04-02,9.57,46.2661,-96.617
USGS_05059000,Red River of the North at Wahpeton ND,2025-04-03,9.39,46.2661,-96.617
USGS_05059000,Red River of the North at Wahpeton ND,2025-04-04,9.58,46.2661,-96.617
USGS_05059000,Red River of the North at Wahpeton ND,2025-04-05,9.26,46.2661,-96.617
USGS_05059000,Red River of the North at Wahpeton ND,2025-04-06,9.57,46.2661,-96.617
USGS_05059000,Red River of the North at Wahpeton ND,2025-04-07,9.75,46.2661,-96.617
USGS_05059000,Red River of the North at Wahpeton ND,2025-04-08,10.16,46.2661,-96.617
USGS_05059000,Red River of the North at Wahpeton ND,2025-04-09,10.19,46.2661,-96.617
USGS_05059000,Red River of the North at Wahpeton ND,2025-04-10,10.35,46.2661,-96.617
USGS_05059000,Red River of the North at Wahpeton ND,2025-04-11,10.2,46.2661,-96.617
USGS_05059000,Red River of the North at Wahpeton ND,2025-04-12,10.17,46.2661,-96.617
USGS_05059000,Red River of the North at Wahpeton ND,2025-04-13,10.62,46.2661,-96.617
USGS_05059000,Red River of the North at Wahpeton ND,2025-04-14,11.14,46.2661,-96.617
USGS_05059000,Red River of the North at Wahpeton ND,2025-04-15,11.33,46.2661,-96.617
USGS_05059000,Red River of the North at Wahpeton ND,2025-04-16,10.89,46.2661,-96.617
USGS_05059000,Red River of the North at Wahpeton ND,2025-04-17,10.94,46.2661,-96.617
USGS_05059000,Red River of the North at Wahpeton ND,2025-04-18,11.05,46.2661,-96.617
USGS_05059000,Red River of the North at Wahpeton ND,2025-04-19,11.39,46.2661,-96.617
USGS_05059000,Red River of the North at Wahpeton ND,2025-04-20,11.32,46.2661,-96.617
USGS_05059000,Red River of the North at Wahpeton ND,2025-04-21,10.68,46.2661,-96.617
USGS_05059000,Red River of the North at Wahpeton ND,2025-04-22,10.86,46.2661,-96.617
USGS_05059000,Red River of the North at Wahpeton ND,2025-04-23,10.18,46.2661,-96.617
USGS_05059000,Red River of the North at Wahpeton ND,2025-04-24,10.06,46.2661,-96.617
USGS_05059000,Red River of the North at Wahpeton ND,2025-04-25,10.16,46.2661,-96.617
USGS_05059000,Red River of the North at Wahpeton ND,2025-04-26,10.45,46.2661,-96.617
USGS_05059000,Red River of the North at Wahpeton ND,2025-04-27,9.87,46.2661,-96.617
USGS_05059000,Red River of the North at Wahpeton ND,2025-04-28,9.9,46.2661,-96.617
USGS_05059000,Red River of the North at Wahpeton ND,2025-04-29,10.24,46.2661,-96.617
USGS_05059000,Red River of the North at Wahpeton ND,2025-04-30,10.59,46.2661,-96.617
USGS_05059000,Red River of the North at Wahpeton ND,2025-05-01,10.43,46.2661,-96.617
USGS_05059000,Red River of the North at Wahpeton ND,2025-05-02,10.72,46.2661,-96.617
USGS_05059000,Red River of the North at Wahpeton ND,2025-05-03,10.31,46.2661,-96.617
USGS_05059000,Red River of the North at Wahpeton ND,2025-05-04,10.73,46.2661,-96.617
USGS_05059000,Red River of the North at Wahpeton ND,2025-05-05,11.31,46.2661,-96.617
USGS_05059000,Red River of the North at Wahpeton ND,2025-05-06,11.52,46.2661,-96.617
USGS_05059000,Red River of the North at Wahpeton ND,2025-05-07,11.66,46.2661,-96.617
USGS_05059000,Red River of the North at Wahpeton ND,2025-05-08,12.42,46.2661,-96.617
USGS_05059000,Red River of the North at Wahpeton ND,2025-05-09,13.22,46.2661,-96.617
USGS_05059000,Red River of the North at Wahpeton ND,2025-05-10,13.64,46.2661,-96.617
USGS_05059000,Red River of the North at Wahpeton ND,2025-05-11,13.87,46.2661,-96.617
USGS_05059000,Red River of the North at Wahpeton ND,2025-05-12,14.02,46.2661,-96.617
USGS_05059000,Red River of the North at Wahpeton ND,2025-05-13,14.23,46.2661,-96.617
USGS_05059000,Red River of the North at Wahpeton ND,2025-05-14,14.99,46.2661,-96.617
USGS_05059000,Red River of the North at Wahpeton ND,2025-05-15,15.51,46.2661,-96.617
USGS_05059000,Red River of the North at Wahpeton ND,2025-05-16,15.73,46.2661,-96.617
USGS_05059000,Red River of the North at Wahpeton ND,2025-05-17,16.04,46.2661,-96.617
USGS_05059000,Red River of the North at Wahpeton ND,2025-05-18,16.62,46.2661,-96.617
USGS_05059000,Red River of the North at Wahpeton ND,2025-05-19,16.56,46.2661,-96.617
USGS_05059000,Red River of the North at Wahpeton ND,2025-05-20,16.67,46.2661,-96.617
USGS_05059000,Red River of the North at Wahpeton ND,2025-05-21,16.54,46.2661,-96.617
USGS_05059000,Red River of the North at Wahpeton ND,2025-05-22,16.61,46.2661,-96.617
USGS_05059000,Red River of the North at Wahpeton ND,2025-05-23,17.07,46.2661,-96.617
USGS_05059000,Red River of the North at Wahpeton ND,2025-05-24,17.35,46.2661,-96.617
USGS_05059000,Red River of the North at Wahpeton ND,2025-05-25,17.36,46.2661,-96.617
USGS_05059000,Red River of the North at Wahpeton ND,2025-05-26,17.19,46.2661,-96.617
USGS_05059000,Red River of the North at Wahpeton ND,2025-05-27,16.84,46.2661,-96.617
USGS_05059000,Red River of the North at Wahpeton ND,2025-05-28,17.18,46.2661,-96.617
USGS_05059000,Red River of the North at Wahpeton ND,2025-05-29,17.42,46.2661,-96.617
USGS_05059000,Red River of the North at Wahpeton ND,2025-05-30,17.12,46.2661,-96.617
USGS_05059000,Red River of the North at Wahpeton ND,2025-05-31,17.36,46.2661,-96.617
USGS_05059000,Red River of the North at Wahpeton ND,2025-06-01,17.69,46.2661,-96.617
USGS_05059000,Red River of the North at Wahpeton ND,2025-06-02,17.88,46.2661,-96.617
USGS_05059000,Red River of the North at Wahpeton ND,2025-06-03,17.96,46.2661,-96.617
USGS_05059000,Red River of the North at Wahpeton ND,2025-06-04,18.1,46.2661,-96.617
USGS_05059000,Red River of the North at Wahpeton ND,2025-06-05,18.54,46.2661,-96.617
USGS_05059000,Red River of the North at Wahpeton ND,2025-06-06,18.72,46.2661,-96.617
USGS_05059000,Red River of the North at Wahpeton ND,2025-06-07,19.14,46.2661,-96.617
USGS_05059000,Red River of the North at Wahpeton ND,2025-06-08,19.63,46.2661,-96.617
USGS_05059000,Red River of the North at Wahpeton ND,2025-06-09,19.14,46.2661,-96.617
USGS_05059000,Red River of the North at Wahpeton ND,2025-06-10,19.4,46.2661,-96.617
USGS_05059000,Red River of the North at Wahpeton ND,2025-06-11,19.91,46.2661,-96.617
USGS_05059000,Red River of the North at Wahpeton ND,2025-06-12,19.84,46.2661,-96.617
USGS_05059000,Red River of the North at Wahpeton ND,2025-06-13,20.05,46.2661,-96.617
USGS_05059000,Red River of the North at Wahpeton ND,2025-06-14,19.56,46.2661,-96.617
USGS_05059000,Red River of the North at Wahpeton ND,2025-06-15,19.56,46.2661,-96.617
USGS_05059000,Red River of the North at Wahpeton ND,2025-06-16,19.3,46.2661,-96.617
USGS_05059000,Red River of the North at Wahpeton ND,2025-06-17,20.06,46.2661,-96.617
USGS_05059000,Red River of the North at Wahpeton ND,2025-06-18,20.82,46.2661,-96.617
USGS_05059000,Red River of the North at Wahpeton ND,2025-06-19,20.86,46.2661,-96.617
USGS_05059000,Red River of the North at Wahpeton ND,2025-06-20,21.18,46.2661,-96.617
USGS_05059000,Red River of the North at Wahpeton ND,2025-06-21,21.02,46.2661,-96.617
USGS_05059000,Red River of the North at Wahpeton ND,2025-06-22,21.55,46.2661,-96.617
USGS_05059000,Red River of the North at Wahpeton ND,2025-06-23,21.73,46.2661,-96.617
USGS_05059000,Red River of the North at Wahpeton ND,2025-06-24,21.9,46.2661,-96.617
USGS_05059000,Red River of the North at Wahpeton ND,2025-06-25,21.93,46.2661,-96.617
USGS_05059000,Red River of the North at Wahpeton ND,2025-06-26,22.34,46.2661,-96.617
USGS_05059000,Red River of the North at Wahpeton ND,2025-06-27,22.36,46.2661,-96.617
USGS_05059000,Red River of the North at Wahpeton ND,2025-06-28,22.98,46.2661,-96.617
USGS_05059000,Red River of the North at Wahpeton ND,2025-06-29,22.67,46.2661,-96.617
USGS_05059000,Red River of the North at Wahpeton ND,2025-06-30,22.76,46.2661,-96.617
USGS_05059000,Red River of the North at Wahpeton ND,2025-07-01,22.98,46.2661,-96.617
USGS_05059000,Red River of the North at Wahpeton ND,2025-07-02,23.02,46.2661,-96.617
USGS_05059000,Red River of the North at Wahpeton ND,2025-07-03,23.26,46.2661,-96.617
USGS_05059000,Red River of the North at Wahpeton ND,2025-07-04,23.22,46.2661,-96.617
USGS_05059000,Red River of the North at Wahpeton ND,2025-07-05,23.27,46.2661,-96.617
USGS_05059000,Red River of the North at Wahpeton ND,2025-07-06,22.92,46.2661,-96.617
USGS_05059000,Red River of the North at Wahpeton ND,2025-07-07,23.23,46.2661,-96.617
USGS_05059000,Red River of the North at Wahpeton ND,2025-07-08,23.02,46.2661,-96.617
USGS_05059000,Red River of the North at Wahpeton ND,2025-07-09,23.19,46.2661,-96.617
USGS_05059000,Red River of the North at Wahpeton ND,2025-07-10,23.02,46.2661,-96.617
USGS_05059000,Red River of the North at Wahpeton ND,2025-07-11,23.39,46.2661,-96.617
USGS_05059000,Red River of the North at Wahpeton ND,2025-07-12,23.37,46.2661,-96.617
USGS_05059000,Red River of the North at Wahpeton ND,2025-07-13,22.89,46.2661,-96.617
USGS_05059000,Red River of the North at Wahpeton ND,2025-07-14,22.95,46.2661,-96.617
USGS_05059000,Red River of the North at Wahpeton ND,2025-07-15,22.69,46.2661,-96.617
USGS_05059000,Red River of the North at Wahpeton ND,2025-07-16,22.55,46.2661,-96.617
USGS_05059000,Red River of the North at Wahpeton ND,2025-07-17,22.69,46.2661,-96.617
USGS_05059000,Red River of the North at Wahpeton ND,2025-07-18,23.02,46.2661,-96.617
USGS_05059000,Red River of the North at Wahpeton ND,2025-07-19,23.5,46.2661,-96.617
USGS_05059000,Red River of the North at Wahpeton ND,2025-07-20,23.3,46.2661,-96.617
USGS_05059000,Red River of the North at Wahpeton ND,2025-07-21,22.69,46.2661,-96.617
USGS_05059000,Red River of the North at Wahpeton ND,2025-07-22,22.59,46.2661,-96.617
USGS_05059000,Red River of the North at Wahpeton ND,2025-07-23,23.03,46.2661,-96.617
USGS_05059000,Red River of the North at Wahpeton ND,2025-07-24,23.05,46.2661,-96.617
USGS_05059000,Red River of the North at Wahpeton ND,2025-07-25,22.93,46.2661,-96.617
USGS_05059000,Red River of the North at Wahpeton ND,2025-07-26,22.94,46.2661,-96.617
USGS_05059000,Red River of the North at Wahpeton ND,2025-07-27,22.77,46.2661,-96.617
USGS_05059000,Red River of the North at Wahpeton ND,2025-07-28,23.09,46.2661,-96.617
USGS_05059000,Red River of the North at Wahpeton ND,2025-07-29,23.46,46.2661,-96.617
USGS_05059000,Red River of the North at Wahpeton ND,2025-07-30,23.21,46.2661,-96.617
USGS_05059000,Red River of the North at Wahpeton ND,2025-07-31,23.31,46.2661,-96.617
USGS_05053000,Red River at Pembina ND,2025-04-01,39.0,48.9813,-97.2458
USGS_05053000,Red River at Pembina ND,2025-04-02,38.71,48.9813,-97.2458
USGS_05053000,Red River at Pembina ND,2025-04-03,38.99,48.9813,-97.2458
USGS_05053000,Red River at Pembina ND,2025-04-04,38.67,48.9813,-97.2458
USGS_05053000,Red River at Pembina ND,2025-04-05,38.56,48.9813,-97.2458
USGS_05053000,Red River at Pembina ND,2025-04-06,38.77,48.9813,-97.2458
USGS_05053000,Red River at Pembina ND,2025-04-07,38.46,48.9813,-97.2458
USGS_05053000,Red River at Pembina ND,2025-04-08,38.65,48.9813,-97.2458
USGS_05053000,Red River at Pembina ND,2025-04-09,38.11,48.9813,-97.2458
USGS_05053000,Red River at Pembina ND,2025-04-10,37.76,48.9813,-97.2458
USGS_05053000,Red River at Pembina ND,2025-04-11,38.06,48.9813,-97.2458
USGS_05053000,Red River at Pembina ND,2025-04-12,38.03,48.9813,-97.2458
USGS_05053000,Red River at Pembina ND,2025-04-13,38.64,48.9813,-97.2458
USGS_05053000,Red River at Pembina ND,2025-04-14,38.46,48.9813,-97.2458
USGS_05053000,Red River at Pembina ND,2025-04-15,38.36,48.9813,-97.2458
USGS_05053000,Red River at Pembina ND,2025-04-16,37.86,48.9813,-97.2458
USGS_05053000,Red River at Pembina ND,2025-04-17,37.78,48.9813,-97.2458
USGS_05053000,Red River at Pembina ND,2025-04-18,37.47,48.9813,-97.2458
USGS_05053000,Red River at Pembina ND,2025-04-19,38.25,48.9813,-97.2458
USGS_05053000,Red River at Pembina ND,2025-04-20,38.37,48.9813,-97.2458
USGS_05053000,Red River at Pembina ND,2025-04-21,38.61,48.9813,-97.2458
USGS_05053000,Red River at Pembina ND,2025-04-22,38.59,48.9813,-97.2458
USGS_05053000,Red River at Pembina ND,2025-04-23,38.63,48.9813,-97.2458
USGS_05053000,Red River at Pembina ND,2025-04-24,38.42,48.9813,-97.2458
USGS_05053000,Red River at Pembina ND,2025-04-25,38.52,48.9813,-97.2458
USGS_05053000,Red River at Pembina ND,2025-04-26,37.71,48.9813,-97.2458
USGS_05053000,Red River at Pembina ND,2025-04-27,37.88,48.9813,-97.2458
USGS_05053000,Red River at Pembina ND,2025-04-28,37.64,48.9813,-97.2458
USGS_05053000,Red River at Pembina ND,2025-04-29,37.83,48.9813,-97.2458
USGS_05053000,Red River at Pembina ND,2025-04-30,37.64,48.9813,-97.2458
USGS_05053000,Red River at Pembina ND,2025-05-01,37.87,48.9813,-97.2458
USGS_05053000,Red River at Pembina ND,2025-05-02,37.85,48.9813,-97.2458
USGS_05053000,Red River at Pembina ND,2025-05-03,37.93,48.9813,-97.2458
USGS_05053000,Red River at Pembina ND,2025-05-04,37.81,48.9813,-97.2458
USGS_05053000,Red River at Pembina ND,2025-05-05,37.7,48.9813,-97.2458
USGS_05053000,Red River at Pembina ND,2025-05-06,37.51,48.9813,-97.2458
USGS_05053000,Red River at Pembina ND,2025-05-07,36.71,48.9813,-97.2458
USGS_05053000,Red River at Pembina ND,2025-05-08,35.93,48.9813,-97.2458
USGS_05053000,Red River at Pembina ND,2025-05-09,36.29,48.9813,-97.2458
USGS_05053000,Red River at Pembina ND,2025-05-10,36.62,48.9813,-97.2458
USGS_05053000,Red River at Pembina ND,2025-05-11,36.95,48.9813,-97.2458
USGS_05053000,Red River at Pembina ND,2025-05-12,36.78,48.9813,-97.2458
USGS_05053000,Red River at Pembina ND,2025-05-13,36.66,48.9813,-97.2458
USGS_05053000,Red River at Pembina ND,2025-05-14,37.36,48.9813,-97.2458
USGS_05053000,Red River at Pembina ND,2025-05-15,36.9,48.9813,-97.2458
USGS_05053000,Red River at Pembina ND,2025-05-16,37.27,48.9813,-97.2458
USGS_05053000,Red River at Pembina ND,2025-05-17,37.27,48.9813,-97.2458
USGS_05053000,Red River at Pembina ND,2025-05-18,38.08,48.9813,-97.2458
USGS_05053000,Red River at Pembina ND,2025-05-19,37.84,48.9813,-97.2458
USGS_05053000,Red River at Pembina ND,2025-05-20,38.45,48.9813,-97.2458
USGS_05053000,Red River at Pembina ND,2025-05-21,38.55,48.9813,-97.2458
USGS_05053000,Red River at Pembina ND,2025-05-22,38.92,48.9813,-97.2458
USGS_05053000,Red River at Pembina ND,2025-05-23,39.05,48.9813,-97.2458
USGS_05053000,Red River at Pembina ND,2025-05-24,38.92,48.9813,-97.2458
USGS_05053000,Red River at Pembina ND,2025-05-25,39.04,48.9813,-97.2458
USGS_05053000,Red River at Pembina ND,2025-05-26,38.88,48.9813,-97.2458
USGS_05053000,Red River at Pembina ND,2025-05-27,39.18,48.9813,-97.2458
USGS_05053000,Red River at Pembina ND,2025-05-28,39.49,48.9813,-97.2458
USGS_05053000,Red River at Pembina ND,2025-05-29,39.41,48.9813,-97.2458
USGS_05053000,Red River at Pembina ND,2025-05-30,39.68,48.9813,-97.2458
USGS_05053000,Red River at Pembina ND,2025-05-31,40.01,48.9813,-97.2458
USGS_05053000,Red River at Pembina ND,2025-06-01,40.07,48.9813,-97.2458
USGS_05053000,Red River at Pembina ND,2025-06-02,39.98,48.9813,-97.2458
USGS_05053000,Red River at Pembina ND,2025-06-03,39.99,48.9813,-97.2458
USGS_05053000,Red River at Pembina ND,2025-06-04,40.24,48.9813,-97.2458
USGS_05053000,Red River at Pembina ND,2025-06-05,40.73,48.9813,-97.2458
USGS_05053000,Red River at Pembina ND,2025-06-06,40.82,48.9813,-97.2458
USGS_05053000,Red River at Pembina ND,2025-06-07,41.16,48.9813,-97.2458
USGS_05053000,Red River at Pembina ND,2025-06-08,41.5,48.9813,-97.2458
USGS_05053000,Red River at Pembina ND,2025-06-09,42.05,48.9813,-97.2458
USGS_05053000,Red River at Pembina ND,2025-06-10,41.97,48.9813,-97.2458
USGS_05053000,Red River at Pembina ND,2025-06-11,42.16,48.9813,-97.2458
USGS_05053000,Red River at Pembina ND,2025-06-12,42.48,48.9813,-97.2458
USGS_05053000,Red River at Pembina ND,2025-06-13,42.27,48.9813,-97.2458
USGS_05053000,Red River at Pembina ND,2025-06-14,41.94,48.9813,-97.2458
USGS_05053000,Red River at Pembina ND,2025-06-15,42.24,48.9813,-97.2458
USGS_05053000,Red River at Pembina ND,2025-06-16,42.1,48.9813,-97.2458
USGS_05053000,Red River at Pembina ND,2025-06-17,42.03,48.9813,-97.2458
USGS_05053000,Red River at Pembina ND,2025-06-18,42.52,48.9813,-97.2458
USGS_05053000,Red River at Pembina ND,2025-06-19,42.88,48.9813,-97.2458
USGS_05053000,Red River at Pembina ND,2025-06-20,43.67,48.9813,-97.2458
USGS_05053000,Red River at Pembina ND,2025-06-21,43.61,48.9813,-97.2458
USGS_05053000,Red River at Pembina ND,2025-06-22,43.58,48.9813,-97.2458
USGS_05053000,Red River at Pembina ND,2025-06-23,44.26,48.9813,-97.2458
USGS_05053000,Red River at Pembina ND,2025-06-24,44.53,48.9813,-97.2458
USGS_05053000,Red River at Pembina ND,2025-06-25,44.32,48.9813,-97.2458
USGS_05053000,Red River at Pembina ND,2025-06-26,44.54,48.9813,-97.2458
USGS_05053000,Red River at Pembina ND,2025-06-27,44.13,48.9813,-97.2458
USGS_05053000,Red River at Pembina ND,2025-06-28,44.41,48.9813,-97.2458
USGS_05053000,Red River at Pembina ND,2025-06-29,43.74,48.9813,-97.2458
USGS_05053000,Red River at Pembina ND,2025-06-30,43.72,48.9813,-97.2458
USGS_05053000,Red River at Pembina ND,2025-07-01,44.79,48.9813,-97.2458
USGS_05053000,Red River at Pembina ND,2025-07-02,44.22,48.9813,-97.2458
USGS_05053000,Red River at Pembina ND,2025-07-03,44.07,48.9813,-97.2458
USGS_05053000,Red River at Pembina ND,2025-07-04,44.2,48.9813,-97.2458
USGS_05053000,Red River at Pembina ND,2025-07-05,44.15,48.9813,-97.2458
USGS_05053000,Red River at Pembina ND,2025-07-06,44.81,48.9813,-97.2458
USGS_05053000,Red River at Pembina ND,2025-07-07,45.72,48.9813,-97.2458
USGS_05053000,Red River at Pembina ND,2025-07-08,45.88,48.9813,-97.2458
USGS_05053000,Red River at Pembina ND,2025-07-09,45.77,48.9813,-97.2458
USGS_05053000,Red River at Pembina ND,2025-07-10,45.8,48.9813,-97.2458
USGS_05053000,Red River at Pembina ND,2025-07-11,45.35,48.9813,-97.2458
USGS_05053000,Red River at Pembina ND,2025-07-12,45.63,48.9813,-97.2458
USGS_05053000,Red River at Pembina ND,2025-07-13,45.63,48.9813,-97.2458
USGS_05053000,Red River at Pembina ND,2025-07-14,46.05,48.9813,-97.2458
USGS_05053000,Red River at Pembina ND,2025-07-15,45.92,48.9813,-97.2458
USGS_05053000,Red River at Pembina ND,2025-07-16,46.02,48.9813,-97.2458
USGS_05053000,Red River at Pembina ND,2025-07-17,46.46,48.9813,-97.2458
USGS_05053000,Red River at Pembina ND,2025-07-18,46.52,48.9813,-97.2458
USGS_05053000,Red River at Pembina ND,2025-07-19,46.66,48.9813,-97.2458
USGS_05053000,Red River at Pembina ND,2025-07-20,46.53,48.9813,-97.2458
USGS_05053000,Red River at Pembina ND,2025-07-21,46.8,48.9813,-97.2458
USGS_05053000,Red River at Pembina ND,2025-07-22,46.63,48.9813,-97.2458
USGS_05053000,Red River at Pembina ND,2025-07-23,46.78,48.9813,-97.2458
USGS_05053000,Red River at Pembina ND,2025-07-24,46.88,48.9813,-97.2458
USGS_05053000,Red River at Pembina ND,2025-07-25,47.16,48.9813,-97.2458
USGS_05053000,Red River at Pembina ND,2025-07-26,47.1,48.9813,-97.2458
USGS_05053000,Red River at Pembina ND,2025-07-27,47.37,48.9813,-97.2458
USGS_05053000,Red River at Pembina ND,2025-07-28,46.88,48.9813,-97.2458
USGS_05053000,Red River at Pembina ND,2025-07-29,46.71,48.9813,-97.2458
USGS_05053000,Red River at Pembina ND,2025-07-30,46.77,48.9813,-97.2458
USGS_05053000,Red River at Pembina ND,2025-07-31,47.3,48.9813,-97.2458
