station_id,station_name,date,water_level_m,latitude,longitude,river_level_24h_ago,river_rise_rate
STN_GAN_01,Gandak Valmikinagar Barrage,2019-05-01,60.09,27.43,83.91,,
STN_GAN_01,Gandak Valmikinagar Barrage,2019-05-02,59.83,27.43,83.91,60.09,-0.004327
STN_GAN_01,Gandak Valmikinagar Barrage,2019-05-03,59.89,27.43,83.91,59.83,0.001003
STN_GAN_01,Gandak Valmikinagar Barrage,2019-05-04,60.14,27.43,83.91,59.89,0.004174
STN_GAN_01,Gandak Valmikinagar Barrage,2019-05-05,60.77,27.43,83.91,60.14,0.010476
STN_GAN_01,Gandak Valmikinagar Barrage,2019-05-06,61.2,27.43,83.91,60.77,0.007076
STN_GAN_01,Gandak Valmikinagar Barrage,2019-05-07,62.11,27.43,83.91,61.2,0.014869
STN_GAN_01,Gandak Valmikinagar Barrage,2019-05-08,61.86,27.43,83.91,62.11,-0.004025
STN_GAN_01,Gandak Valmikinagar Barrage,2019-05-09,62.26,27.43,83.91,61.86,0.006466
STN_GAN_01,Gandak Valmikinagar Barrage,2019-05-10,62.38,27.43,83.91,62.26,0.001927
STN_GAN_01,Gandak Valmikinagar Barrage,2019-05-11,63.31,27.43,83.91,62.38,0.014909
STN_GAN_01,Gandak Valmikinagar Barrage,2019-05-12,63.03,27.43,83.91,63.31,-0.004423
STN_GAN_01,Gandak Valmikinagar Barrage,2019-05-13,62.75,27.43,83.91,63.03,-0.004442
STN_GAN_01,Gandak Valmikinagar Barrage,2019-05-14,62.56,27.43,83.91,62.75,-0.003028
STN_GAN_01,Gandak Valmikinagar Barrage,2019-05-15,61.76,27.43,83.91,62.56,-0.012788
STN_GAN_01,Gandak Valmikinagar Barrage,2019-05-16,61.6,27.43,83.91,61.76,-0.002591
STN_GAN_01,Gandak Valmikinagar Barrage,2019-05-17,61.34,27.43,83.91,61.6,-0.004221
STN_GAN_01,Gandak Valmikinagar Barrage,2019-05-18,61.45,27.43,83.91,61.34,0.001793
STN_GAN_01,Gandak Valmikinagar Barrage,2019-05-19,61.64,27.43,83.91,61.45,0.003092
STN_GAN_01,Gandak Valmikinagar Barrage,2019-05-20,62.44,27.43,83.91,61.64,0.012979
STN_GAN_01,Gandak Valmikinagar Barrage,2019-05-21,62.87,27.43,83.91,62.44,0.006887
STN_GAN_01,Gandak Valmikinagar Barrage,2019-05-22,62.69,27.43,83.91,62.87,-0.002863
STN_GAN_01,Gandak Valmikinagar Barrage,2019-05-23,62.38,27.43,83.91,62.69,-0.004945
STN_GAN_01,Gandak Valmikinagar Barrage,2019-05-24,62.63,27.43,83.91,62.38,0.004008
STN_GAN_01,Gandak Valmikinagar Barrage,2019-05-25,62.15,27.43,83.91,62.63,-0.007664
STN_GAN_01,Gandak Valmikinagar Barrage,2019-05-26,62.93,27.43,83.91,62.15,0.01255
STN_GAN_01,Gandak Valmikinagar Barrage,2019-05-27,63.45,27.43,83.91,62.93,0.008263
STN_GAN_01,Gandak Valmikinagar Barrage,2019-05-28,63.32,27.43,83.91,63.45,-0.002049
STN_GAN_01,Gandak Valmikinagar Barrage,2019-05-29,62.68,27.43,83.91,63.32,-0.010107
STN_GAN_01,Gandak Valmikinagar Barrage,2019-05-30,63.27,27.43,83.91,62.68,0.009413
STN_GAN_01,Gandak Valmikinagar Barrage,2019-05-31,63.28,27.43,83.91,63.27,0.000158
STN_GAN_01,Gandak Valmikinagar Barrage,2019-06-01,63.82,27.43,83.91,63.28,0.008534
STN_GAN_01,Gandak Valmikinagar Barrage,2019-06-02,63.23,27.43,83.91,63.82,-0.009245
STN_GAN_01,Gandak Valmikinagar Barrage,2019-06-03,63.04,27.43,83.91,63.23,-0.003005
STN_GAN_01,Gandak Valmikinagar Barrage,2019-06-04,63.1,27.43,83.91,63.04,0.000952
STN_GAN_01,Gandak Valmikinagar Barrage,2019-06-05,63.16,27.43,83.91,63.1,0.000951
STN_GAN_01,Gandak Valmikinagar Barrage,2019-06-06,63.03,27.43,83.91,63.16,-0.002058
STN_GAN_01,Gandak Valmikinagar Barrage,2019-06-07,63.33,27.43,83.91,63.03,0.00476
STN_GAN_01,Gandak Valmikinagar Barrage,2019-06-08,62.96,27.43,83.91,63.33,-0.005842
STN_GAN_01,Gandak Valmikinagar Barrage,2019-06-09,62.95,27.43,83.91,62.96,-0.000159
STN_GAN_01,Gandak Valmikinagar Barrage,2019-06-10,63.05,27.43,83.91,62.95,0.001589
STN_GAN_01,Gandak Valmikinagar Barrage,2019-06-11,63.3,27.43,83.91,63.05,0.003965
STN_GAN_01,Gandak Valmikinagar Barrage,2019-06-12,63.64,27.43,83.91,63.3,0.005371
STN_GAN_01,Gandak Valmikinagar Barrage,2019-06-13,63.24,27.43,83.91,63.64,-0.006285
STN_GAN_01,Gandak Valmikinagar Barrage,2019-06-14,62.67,27.43,83.91,63.24,-0.009013
STN_GAN_01,Gandak Valmikinagar Barrage,2019-06-15,63.24,27.43,83.91,62.67,0.009095
STN_GAN_01,Gandak Valmikinagar Barrage,2019-06-16,63.42,27.43,83.91,63.24,0.002846
STN_GAN_01,Gandak Valmikinagar Barrage,2019-06-17,63.17,27.43,83.91,63.42,-0.003942
STN_GAN_01,Gandak Valmikinagar Barrage,2019-06-18,63.84,27.43,83.91,63.17,0.010606
STN_GAN_01,Gandak Valmikinagar Barrage,2019-06-19,63.94,27.43,83.91,63.84,0.001566
STN_GAN_01,Gandak Valmikinagar Barrage,2019-06-20,64.46,27.43,83.91,63.94,0.008133
STN_GAN_01,Gandak Valmikinagar Barrage,2019-06-21,64.53,27.43,83.91,64.46,0.001086
STN_GAN_01,Gandak Valmikinagar Barrage,2019-06-22,65.41,27.43,83.91,64.53,0.013637
STN_GAN_01,Gandak Valmikinagar Barrage,2019-06-23,66.16,27.43,83.91,65.41,0.011466
STN_GAN_01,Gandak Valmikinagar Barrage,2019-06-24,66.11,27.43,83.91,66.16,-0.000756
STN_GAN_01,Gandak Valmikinagar Barrage,2019-06-25,66.55,27.43,83.91,66.11,0.006656
STN_GAN_01,Gandak Valmikinagar Barrage,2019-06-26,66.86,27.43,83.91,66.55,0.004658
STN_GAN_01,Gandak Valmikinagar Barrage,2019-06-27,67.46,27.43,83.91,66.86,0.008974
STN_GAN_01,Gandak Valmikinagar Barrage,2019-06-28,67.12,27.43,83.91,67.46,-0.00504
STN_GAN_01,Gandak Valmikinagar Barrage,2019-06-29,67.44,27.43,83.91,67.12,0.004768
STN_GAN_01,Gandak Valmikinagar Barrage,2019-06-30,67.92,27.43,83.91,67.44,0.007117
STN_GAN_01,Gandak Valmikinagar Barrage,2019-07-01,67.26,27.43,83.91,67.92,-0.009717
STN_GAN_01,Gandak Valmikinagar Barrage,2019-07-02,66.84,27.43,83.91,67.26,-0.006244
STN_GAN_01,Gandak Valmikinagar Barrage,2019-07-03,66.08,27.43,83.91,66.84,-0.01137
STN_GAN_01,Gandak Valmikinagar Barrage,2019-07-04,66.02,27.43,83.91,66.08,-0.000908
STN_GAN_01,Gandak Valmikinagar Barrage,2019-07-05,66.35,27.43,83.91,66.02,0.004998
STN_GAN_01,Gandak Valmikinagar Barrage,2019-07-06,67.01,27.43,83.91,66.35,0.009947
STN_GAN_01,Gandak Valmikinagar Barrage,2019-07-07,67.09,27.43,83.91,67.01,0.001194
STN_GAN_01,Gandak Valmikinagar Barrage,2019-07-08,67.79,27.43,83.91,67.09,0.010434
STN_GAN_01,Gandak Valmikinagar Barrage,2019-07-09,67.28,27.43,83.91,67.79,-0.007523
STN_GAN_01,Gandak Valmikinagar Barrage,2019-07-10,66.65,27.43,83.91,67.28,-0.009364
STN_GAN_01,Gandak Valmikinagar Barrage,2019-07-11,66.68,27.43,83.91,66.65,0.00045
STN_GAN_01,Gandak Valmikinagar Barrage,2019-07-12,66.88,27.43,83.91,66.68,0.002999
STN_GAN_01,Gandak Valmikinagar Barrage,2019-07-13,66.92,27.43,83.91,66.88,0.000598
STN_GAN_01,Gandak Valmikinagar Barrage,2019-07-14,66.14,27.43,83.91,66.92,-0.011656
STN_GAN_01,Gandak Valmikinagar Barrage,2019-07-15,66.16,27.43,83.91,66.14,0.000302
STN_GAN_01,Gandak Valmikinagar Barrage,2019-07-16,65.69,27.43,83.91,66.16,-0.007104
STN_GAN_01,Gandak Valmikinagar Barrage,2019-07-17,66.01,27.43,83.91,65.69,0.004871
STN_GAN_01,Gandak Valmikinagar Barrage,2019-07-18,66.2,27.43,83.91,66.01,0.002878
STN_GAN_01,Gandak Valmikinagar Barrage,2019-07-19,65.88,27.43,83.91,66.2,-0.004834
STN_GAN_01,Gandak Valmikinagar Barrage,2019-07-20,65.72,27.43,83.91,65.88,-0.002429
STN_GAN_01,Gandak Valmikinagar Barrage,2019-07-21,65.35,27.43,83.91,65.72,-0.00563
STN_GAN_01,Gandak Valmikinagar Barrage,2019-07-22,65.37,27.43,83.91,65.35,0.000306
STN_GAN_01,Gandak Valmikinagar Barrage,2019-07-23,65.8,27.43,83.91,65.37,0.006578
STN_GAN_01,Gandak Valmikinagar Barrage,2019-07-24,65.46,27.43,83.91,65.8,-0.005167
STN_GAN_01,Gandak Valmikinagar Barrage,2019-07-25,65.71,27.43,83.91,65.46,0.003819
STN_GAN_01,Gandak Valmikinagar Barrage,2019-07-26,65.55,27.43,83.91,65.71,-0.002435
STN_GAN_01,Gandak Valmikinagar Barrage,2019-07-27,65.28,27.43,83.91,65.55,-0.004119
STN_GAN_01,Gandak Valmikinagar Barrage,2019-07-28,65.29,27.43,83.91,65.28,0.000153
STN_GAN_01,Gandak Valmikinagar Barrage,2019-07-29,64.92,27.43,83.91,65.29,-0.005667
STN_GAN_01,Gandak Valmikinagar Barrage,2019-07-30,64.75,27.43,83.91,64.92,-0.002619
STN_GAN_01,Gandak Valmikinagar Barrage,2019-07-31,64.32,27.43,83.91,64.75,-0.006641
STN_GAN_01,Gandak Valmikinagar Barrage,2019-08-01,65.16,27.43,83.91,64.32,0.01306
STN_GAN_01,Gandak Valmikinagar Barrage,2019-08-02,65.22,27.43,83.91,65.16,0.000921
STN_GAN_01,Gandak Valmikinagar Barrage,2019-08-03,64.99,27.43,83.91,65.22,-0.003527
STN_GAN_01,Gandak Valmikinagar Barrage,2019-08-04,65.13,27.43,83.91,64.99,0.002154
STN_GAN_01,Gandak Valmikinagar Barrage,2019-08-05,65.13,27.43,83.91,65.13,0.0
STN_GAN_01,Gandak Valmikinagar Barrage,2019-08-06,65.1,27.43,83.91,65.13,-0.000461
STN_GAN_01,Gandak Valmikinagar Barrage,2019-08-07,65.39,27.43,83.91,65.1,0.004455
STN_GAN_01,Gandak Valmikinagar Barrage,2019-08-08,65.75,27.43,83.91,65.39,0.005505
STN_GAN_01,Gandak Valmikinagar Barrage,2019-08-09,65.58,27.43,83.91,65.75,-0.002586
STN_GAN_01,Gandak Valmikinagar Barrage,2019-08-10,65.4,27.43,83.91,65.58,-0.002745
STN_GAN_01,Gandak Valmikinagar Barrage,2019-08-11,65.34,27.43,83.91,65.4,-0.000917
STN_GAN_01,Gandak Valmikinagar Barrage,2019-08-12,64.47,27.43,83.91,65.34,-0.013315
STN_GAN_01,Gandak Valmikinagar Barrage,2019-08-13,63.92,27.43,83.91,64.47,-0.008531
STN_GAN_01,Gandak Valmikinagar Barrage,2019-08-14,64.51,27.43,83.91,63.92,0.00923
STN_GAN_01,Gandak Valmikinagar Barrage,2019-08-15,65.22,27.43,83.91,64.51,0.011006
STN_GAN_01,Gandak Valmikinagar Barrage,2019-08-16,65.17,27.43,83.91,65.22,-0.000767
STN_GAN_01,Gandak Valmikinagar Barrage,2019-08-17,65.45,27.43,83.91,65.17,0.004296
STN_GAN_01,Gandak Valmikinagar Barrage,2019-08-18,65.63,27.43,83.91,65.45,0.00275
STN_GAN_01,Gandak Valmikinagar Barrage,2019-08-19,66.91,27.43,83.91,65.63,0.019503
STN_GAN_01,Gandak Valmikinagar Barrage,2019-08-20,67.41,27.43,83.91,66.91,0.007473
STN_GAN_01,Gandak Valmikinagar Barrage,2019-08-21,67.4,27.43,83.91,67.41,-0.000148
STN_GAN_01,Gandak Valmikinagar Barrage,2019-08-22,67.07,27.43,83.91,67.4,-0.004896
STN_GAN_01,Gandak Valmikinagar Barrage,2019-08-23,66.48,27.43,83.91,67.07,-0.008797
STN_GAN_01,Gandak Valmikinagar Barrage,2019-08-24,66.61,27.43,83.91,66.48,0.001955
STN_GAN_01,Gandak Valmikinagar Barrage,2019-08-25,66.36,27.43,83.91,66.61,-0.003753
STN_GAN_01,Gandak Valmikinagar Barrage,2019-08-26,65.84,27.43,83.91,66.36,-0.007836
STN_GAN_01,Gandak Valmikinagar Barrage,2019-08-27,65.63,27.43,83.91,65.84,-0.00319
STN_GAN_01,Gandak Valmikinagar Barrage,2019-08-28,65.25,27.43,83.91,65.63,-0.00579
STN_GAN_01,Gandak Valmikinagar Barrage,2019-08-29,65.97,27.43,83.91,65.25,0.011034
STN_GAN_01,Gandak Valmikinagar Barrage,2019-08-30,66.38,27.43,83.91,65.97,0.006215
STN_GAN_01,Gandak Valmikinagar Barrage,2019-08-31,66.42,27.43,83.91,66.38,0.000603
STN_GAN_01,Gandak Valmikinagar Barrage,2019-09-01,67.06,27.43,83.91,66.42,0.009636
STN_GAN_01,Gandak Valmikinagar Barrage,2019-09-02,67.15,27.43,83.91,67.06,0.001342
STN_GAN_01,Gandak Valmikinagar Barrage,2019-09-03,66.85,27.43,83.91,67.15,-0.004468
STN_GAN_01,Gandak Valmikinagar Barrage,2019-09-04,67.51,27.43,83.91,66.85,0.009873
STN_GAN_01,Gandak Valmikinagar Barrage,2019-09-05,67.78,27.43,83.91,67.51,0.003999
STN_GAN_01,Gandak Valmikinagar Barrage,2019-09-06,67.41,27.43,83.91,67.78,-0.005459
STN_GAN_01,Gandak Valmikinagar Barrage,2019-09-07,67.38,27.43,83.91,67.41,-0.000445
STN_GAN_01,Gandak Valmikinagar Barrage,2019-09-08,67.08,27.43,83.91,67.38,-0.004452
STN_GAN_01,Gandak Valmikinagar Barrage,2019-09-09,66.58,27.43,83.91,67.08,-0.007454
STN_GAN_01,Gandak Valmikinagar Barrage,2019-09-10,67.0,27.43,83.91,66.58,0.006308
STN_GAN_01,Gandak Valmikinagar Barrage,2019-09-11,67.82,27.43,83.91,67.0,0.012239
STN_GAN_01,Gandak Valmikinagar Barrage,2019-09-12,67.31,27.43,83.91,67.82,-0.00752
STN_GAN_01,Gandak Valmikinagar Barrage,2019-09-13,67.58,27.43,83.91,67.31,0.004011
STN_GAN_01,Gandak Valmikinagar Barrage,2019-09-14,67.37,27.43,83.91,67.58,-0.003107
STN_GAN_01,Gandak Valmikinagar Barrage,2019-09-15,67.23,27.43,83.91,67.37,-0.002078
STN_GAN_01,Gandak Valmikinagar Barrage,2019-09-16,67.04,27.43,83.91,67.23,-0.002826
STN_GAN_01,Gandak Valmikinagar Barrage,2019-09-17,66.74,27.43,83.91,67.04,-0.004475
STN_GAN_01,Gandak Valmikinagar Barrage,2019-09-18,66.81,27.43,83.91,66.74,0.001049
STN_GAN_01,Gandak Valmikinagar Barrage,2019-09-19,66.53,27.43,83.91,66.81,-0.004191
STN_GAN_01,Gandak Valmikinagar Barrage,2019-09-20,66.69,27.43,83.91,66.53,0.002405
STN_GAN_01,Gandak Valmikinagar Barrage,2019-09-21,66.72,27.43,83.91,66.69,0.00045
STN_GAN_01,Gandak Valmikinagar Barrage,2019-09-22,66.67,27.43,83.91,66.72,-0.000749
STN_GAN_01,Gandak Valmikinagar Barrage,2019-09-23,66.36,27.43,83.91,66.67,-0.00465
STN_GAN_01,Gandak Valmikinagar Barrage,2019-09-24,66.18,27.43,83.91,66.36,-0.002712
STN_GAN_01,Gandak Valmikinagar Barrage,2019-09-25,66.53,27.43,83.91,66.18,0.005289
STN_GAN_01,Gandak Valmikinagar Barrage,2019-09-26,66.78,27.43,83.91,66.53,0.003758
STN_GAN_01,Gandak Valmikinagar Barrage,2019-09-27,66.44,27.43,83.91,66.78,-0.005091
STN_GAN_01,Gandak Valmikinagar Barrage,2019-09-28,66.53,27.43,83.91,66.44,0.001355
STN_GAN_01,Gandak Valmikinagar Barrage,2019-09-29,66.88,27.43,83.91,66.53,0.005261
STN_GAN_01,Gandak Valmikinagar Barrage,2019-09-30,66.26,27.43,83.91,66.88,-0.00927
STN_GAN_01,Gandak Valmikinagar Barrage,2019-10-01,66.53,27.43,83.91,66.26,0.004075
STN_GAN_01,Gandak Valmikinagar Barrage,2019-10-02,66.32,27.43,83.91,66.53,-0.003156
STN_GAN_01,Gandak Valmikinagar Barrage,2019-10-03,66.59,27.43,83.91,66.32,0.004071
STN_GAN_01,Gandak Valmikinagar Barrage,2019-10-04,66.34,27.43,83.91,66.59,-0.003754
STN_GAN_01,Gandak Valmikinagar Barrage,2019-10-05,65.67,27.43,83.91,66.34,-0.010099
STN_GAN_01,Gandak Valmikinagar Barrage,2019-10-06,65.07,27.43,83.91,65.67,-0.009137
STN_GAN_01,Gandak Valmikinagar Barrage,2019-10-07,65.13,27.43,83.91,65.07,0.000922
STN_GAN_01,Gandak Valmikinagar Barrage,2019-10-08,65.29,27.43,83.91,65.13,0.002457
STN_GAN_01,Gandak Valmikinagar Barrage,2019-10-09,64.98,27.43,83.91,65.29,-0.004748
STN_GAN_01,Gandak Valmikinagar Barrage,2019-10-10,65.28,27.43,83.91,64.98,0.004617
STN_GAN_01,Gandak Valmikinagar Barrage,2019-10-11,64.67,27.43,83.91,65.28,-0.009344
STN_GAN_01,Gandak Valmikinagar Barrage,2019-10-12,64.69,27.43,83.91,64.67,0.000309
STN_GAN_01,Gandak Valmikinagar Barrage,2019-10-13,64.26,27.43,83.91,64.69,-0.006647
STN_GAN_01,Gandak Valmikinagar Barrage,2019-10-14,64.05,27.43,83.91,64.26,-0.003268
STN_GAN_01,Gandak Valmikinagar Barrage,2019-10-15,64.12,27.43,83.91,64.05,0.001093
STN_GAN_01,Gandak Valmikinagar Barrage,2019-10-16,63.82,27.43,83.91,64.12,-0.004679
STN_GAN_01,Gandak Valmikinagar Barrage,2019-10-17,63.72,27.43,83.91,63.82,-0.001567
STN_GAN_01,Gandak Valmikinagar Barrage,2019-10-18,64.17,27.43,83.91,63.72,0.007062
STN_GAN_01,Gandak Valmikinagar Barrage,2019-10-19,63.99,27.43,83.91,64.17,-0.002805
STN_GAN_01,Gandak Valmikinagar Barrage,2019-10-20,64.37,27.43,83.91,63.99,0.005938
STN_GAN_01,Gandak Valmikinagar Barrage,2019-10-21,63.97,27.43,83.91,64.37,-0.006214
STN_GAN_01,Gandak Valmikinagar Barrage,2019-10-22,64.23,27.43,83.91,63.97,0.004064
STN_GAN_01,Gandak Valmikinagar Barrage,2019-10-23,64.86,27.43,83.91,64.23,0.009809
STN_GAN_01,Gandak Valmikinagar Barrage,2019-10-24,63.92,27.43,83.91,64.86,-0.014493
STN_GAN_01,Gandak Valmikinagar Barrage,2019-10-25,63.65,27.43,83.91,63.92,-0.004224
STN_GAN_01,Gandak Valmikinagar Barrage,2019-10-26,63.93,27.43,83.91,63.65,0.004399
STN_GAN_01,Gandak Valmikinagar Barrage,2019-10-27,63.9,27.43,83.91,63.93,-0.000469
STN_GAN_01,Gandak Valmikinagar Barrage,2019-10-28,64.1,27.43,83.91,63.9,0.00313
STN_GAN_01,Gandak Valmikinagar Barrage,2019-10-29,63.91,27.43,83.91,64.1,-0.002964
STN_GAN_01,Gandak Valmikinagar Barrage,2019-10-30,63.99,27.43,83.91,63.91,0.001252
STN_GAN_01,Gandak Valmikinagar Barrage,2019-10-31,63.98,27.43,83.91,63.99,-0.000156
STN_GAN_02,Gandak Rewaghat Station,2019-05-01,50.72,25.98,85.22,,
STN_GAN_02,Gandak Rewaghat Station,2019-05-02,50.87,25.98,85.22,50.72,0.002957
STN_GAN_02,Gandak Rewaghat Station,2019-05-03,51.05,25.98,85.22,50.87,0.003538
STN_GAN_02,Gandak Rewaghat Station,2019-05-04,50.94,25.98,85.22,51.05,-0.002155
STN_GAN_02,Gandak Rewaghat Station,2019-05-05,50.79,25.98,85.22,50.94,-0.002945
STN_GAN_02,Gandak Rewaghat Station,2019-05-06,50.67,25.98,85.22,50.79,-0.002363
STN_GAN_02,Gandak Rewaghat Station,2019-05-07,50.88,25.98,85.22,50.67,0.004144
STN_GAN_02,Gandak Rewaghat Station,2019-05-08,50.76,25.98,85.22,50.88,-0.002358
STN_GAN_02,Gandak Rewaghat Station,2019-05-09,50.93,25.98,85.22,50.76,0.003349
STN_GAN_02,Gandak Rewaghat Station,2019-05-10,51.81,25.98,85.22,50.93,0.017279
STN_GAN_02,Gandak Rewaghat Station,2019-05-11,52.21,25.98,85.22,51.81,0.007721
STN_GAN_02,Gandak Rewaghat Station,2019-05-12,52.12,25.98,85.22,52.21,-0.001724
STN_GAN_02,Gandak Rewaghat Station,2019-05-13,52.66,25.98,85.22,52.12,0.010361
STN_GAN_02,Gandak Rewaghat Station,2019-05-14,52.54,25.98,85.22,52.66,-0.002279
STN_GAN_02,Gandak Rewaghat Station,2019-05-15,51.78,25.98,85.22,52.54,-0.014465
STN_GAN_02,Gandak Rewaghat Station,2019-05-16,51.42,25.98,85.22,51.78,-0.006952
STN_GAN_02,Gandak Rewaghat Station,2019-05-17,50.73,25.98,85.22,51.42,-0.013419
STN_GAN_02,Gandak Rewaghat Station,2019-05-18,50.63,25.98,85.22,50.73,-0.001971
STN_GAN_02,Gandak Rewaghat Station,2019-05-19,50.69,25.98,85.22,50.63,0.001185
STN_GAN_02,Gandak Rewaghat Station,2019-05-20,51.41,25.98,85.22,50.69,0.014204
STN_GAN_02,Gandak Rewaghat Station,2019-05-21,51.59,25.98,85.22,51.41,0.003501
STN_GAN_02,Gandak Rewaghat Station,2019-05-22,51.56,25.98,85.22,51.59,-0.000582
STN_GAN_02,Gandak Rewaghat Station,2019-05-23,51.94,25.98,85.22,51.56,0.00737
STN_GAN_02,Gandak Rewaghat Station,2019-05-24,51.1,25.98,85.22,51.94,-0.016173
STN_GAN_02,Gandak Rewaghat Station,2019-05-25,51.25,25.98,85.22,51.1,0.002935
STN_GAN_02,Gandak Rewaghat Station,2019-05-26,51.61,25.98,85.22,51.25,0.007024
STN_GAN_02,Gandak Rewaghat Station,2019-05-27,51.06,25.98,85.22,51.61,-0.010657
STN_GAN_02,Gandak Rewaghat Station,2019-05-28,51.57,25.98,85.22,51.06,0.009988
STN_GAN_02,Gandak Rewaghat Station,2019-05-29,51.76,25.98,85.22,51.57,0.003684
STN_GAN_02,Gandak Rewaghat Station,2019-05-30,51.64,25.98,85.22,51.76,-0.002318
STN_GAN_02,Gandak Rewaghat Station,2019-05-31,51.94,25.98,85.22,51.64,0.005809
STN_GAN_02,Gandak Rewaghat Station,2019-06-01,52.9,25.98,85.22,51.94,0.018483
STN_GAN_02,Gandak Rewaghat Station,2019-06-02,53.02,25.98,85.22,52.9,0.002268
STN_GAN_02,Gandak Rewaghat Station,2019-06-03,53.17,25.98,85.22,53.02,0.002829
STN_GAN_02,Gandak Rewaghat Station,2019-06-04,53.04,25.98,85.22,53.17,-0.002445
STN_GAN_02,Gandak Rewaghat Station,2019-06-05,52.75,25.98,85.22,53.04,-0.005468
STN_GAN_02,Gandak Rewaghat Station,2019-06-06,53.13,25.98,85.22,52.75,0.007204
STN_GAN_02,Gandak Rewaghat Station,2019-06-07,52.84,25.98,85.22,53.13,-0.005458
STN_GAN_02,Gandak Rewaghat Station,2019-06-08,52.92,25.98,85.22,52.84,0.001514
STN_GAN_02,Gandak Rewaghat Station,2019-06-09,52.78,25.98,85.22,52.92,-0.002646
STN_GAN_02,Gandak Rewaghat Station,2019-06-10,53.02,25.98,85.22,52.78,0.004547
STN_GAN_02,Gandak Rewaghat Station,2019-06-11,53.2,25.98,85.22,53.02,0.003395
STN_GAN_02,Gandak Rewaghat Station,2019-06-12,53.67,25.98,85.22,53.2,0.008835
STN_GAN_02,Gandak Rewaghat Station,2019-06-13,53.51,25.98,85.22,53.67,-0.002981
STN_GAN_02,Gandak Rewaghat Station,2019-06-14,53.46,25.98,85.22,53.51,-0.000934
STN_GAN_02,Gandak Rewaghat Station,2019-06-15,53.11,25.98,85.22,53.46,-0.006547
STN_GAN_02,Gandak Rewaghat Station,2019-06-16,52.99,25.98,85.22,53.11,-0.002259
STN_GAN_02,Gandak Rewaghat Station,2019-06-17,53.19,25.98,85.22,52.99,0.003774
STN_GAN_02,Gandak Rewaghat Station,2019-06-18,53.54,25.98,85.22,53.19,0.00658
STN_GAN_02,Gandak Rewaghat Station,2019-06-19,53.22,25.98,85.22,53.54,-0.005977
STN_GAN_02,Gandak Rewaghat Station,2019-06-20,53.62,25.98,85.22,53.22,0.007516
STN_GAN_02,Gandak Rewaghat Station,2019-06-21,54.21,25.98,85.22,53.62,0.011003
STN_GAN_02,Gandak Rewaghat Station,2019-06-22,54.43,25.98,85.22,54.21,0.004058
STN_GAN_02,Gandak Rewaghat Station,2019-06-23,55.23,25.98,85.22,54.43,0.014698
STN_GAN_02,Gandak Rewaghat Station,2019-06-24,54.97,25.98,85.22,55.23,-0.004708
STN_GAN_02,Gandak Rewaghat Station,2019-06-25,54.52,25.98,85.22,54.97,-0.008186
STN_GAN_02,Gandak Rewaghat Station,2019-06-26,53.86,25.98,85.22,54.52,-0.012106
STN_GAN_02,Gandak Rewaghat Station,2019-06-27,54.51,25.98,85.22,53.86,0.012068
STN_GAN_02,Gandak Rewaghat Station,2019-06-28,54.82,25.98,85.22,54.51,0.005687
STN_GAN_02,Gandak Rewaghat Station,2019-06-29,54.85,25.98,85.22,54.82,0.000547
STN_GAN_02,Gandak Rewaghat Station,2019-06-30,55.01,25.98,85.22,54.85,0.002917
STN_GAN_02,Gandak Rewaghat Station,2019-07-01,54.61,25.98,85.22,55.01,-0.007271
STN_GAN_02,Gandak Rewaghat Station,2019-07-02,55.64,25.98,85.22,54.61,0.018861
STN_GAN_02,Gandak Rewaghat Station,2019-07-03,55.74,25.98,85.22,55.64,0.001797
STN_GAN_02,Gandak Rewaghat Station,2019-07-04,55.83,25.98,85.22,55.74,0.001615
STN_GAN_02,Gandak Rewaghat Station,2019-07-05,56.17,25.98,85.22,55.83,0.00609
STN_GAN_02,Gandak Rewaghat Station,2019-07-06,56.42,25.98,85.22,56.17,0.004451
STN_GAN_02,Gandak Rewaghat Station,2019-07-07,56.55,25.98,85.22,56.42,0.002304
STN_GAN_02,Gandak Rewaghat Station,2019-07-08,56.29,25.98,85.22,56.55,-0.004598
STN_GAN_02,Gandak Rewaghat Station,2019-07-09,56.53,25.98,85.22,56.29,0.004264
STN_GAN_02,Gandak Rewaghat Station,2019-07-10,57.33,25.98,85.22,56.53,0.014152
STN_GAN_02,Gandak Rewaghat Station,2019-07-11,57.92,25.98,85.22,57.33,0.010291
STN_GAN_02,Gandak Rewaghat Station,2019-07-12,58.61,25.98,85.22,57.92,0.011913
STN_GAN_02,Gandak Rewaghat Station,2019-07-13,58.45,25.98,85.22,58.61,-0.00273
STN_GAN_02,Gandak Rewaghat Station,2019-07-14,58.1,25.98,85.22,58.45,-0.005988
STN_GAN_02,Gandak Rewaghat Station,2019-07-15,58.1,25.98,85.22,58.1,0.0
STN_GAN_02,Gandak Rewaghat Station,2019-07-16,58.18,25.98,85.22,58.1,0.001377
STN_GAN_02,Gandak Rewaghat Station,2019-07-17,58.66,25.98,85.22,58.18,0.00825
STN_GAN_02,Gandak Rewaghat Station,2019-07-18,58.04,25.98,85.22,58.66,-0.010569
STN_GAN_02,Gandak Rewaghat Station,2019-07-19,58.7,25.98,85.22,58.04,0.011371
STN_GAN_02,Gandak Rewaghat Station,2019-07-20,58.69,25.98,85.22,58.7,-0.00017
STN_GAN_02,Gandak Rewaghat Station,2019-07-21,58.57,25.98,85.22,58.69,-0.002045
STN_GAN_02,Gandak Rewaghat Station,2019-07-22,58.21,25.98,85.22,58.57,-0.006146
STN_GAN_02,Gandak Rewaghat Station,2019-07-23,57.6,25.98,85.22,58.21,-0.010479
STN_GAN_02,Gandak Rewaghat Station,2019-07-24,57.98,25.98,85.22,57.6,0.006597
STN_GAN_02,Gandak Rewaghat Station,2019-07-25,58.06,25.98,85.22,57.98,0.00138
STN_GAN_02,Gandak Rewaghat Station,2019-07-26,57.59,25.98,85.22,58.06,-0.008095
STN_GAN_02,Gandak Rewaghat Station,2019-07-27,57.12,25.98,85.22,57.59,-0.008161
STN_GAN_02,Gandak Rewaghat Station,2019-07-28,57.04,25.98,85.22,57.12,-0.001401
STN_GAN_02,Gandak Rewaghat Station,2019-07-29,57.76,25.98,85.22,57.04,0.012623
STN_GAN_02,Gandak Rewaghat Station,2019-07-30,57.7,25.98,85.22,57.76,-0.001039
STN_GAN_02,Gandak Rewaghat Station,2019-07-31,57.15,25.98,85.22,57.7,-0.009532
STN_GAN_02,Gandak Rewaghat Station,2019-08-01,57.1,25.98,85.22,57.15,-0.000875
STN_GAN_02,Gandak Rewaghat Station,2019-08-02,57.04,25.98,85.22,57.1,-0.001051
STN_GAN_02,Gandak Rewaghat Station,2019-08-03,56.02,25.98,85.22,57.04,-0.017882
STN_GAN_02,Gandak Rewaghat Station,2019-08-04,56.04,25.98,85.22,56.02,0.000357
STN_GAN_02,Gandak Rewaghat Station,2019-08-05,56.0,25.98,85.22,56.04,-0.000714
STN_GAN_02,Gandak Rewaghat Station,2019-08-06,56.33,25.98,85.22,56.0,0.005893
STN_GAN_02,Gandak Rewaghat Station,2019-08-07,57.12,25.98,85.22,56.33,0.014024
STN_GAN_02,Gandak Rewaghat Station,2019-08-08,57.62,25.98,85.22,57.12,0.008754
STN_GAN_02,Gandak Rewaghat Station,2019-08-09,57.56,25.98,85.22,57.62,-0.001041
STN_GAN_02,Gandak Rewaghat Station,2019-08-10,57.17,25.98,85.22,57.56,-0.006776
STN_GAN_02,Gandak Rewaghat Station,2019-08-11,58.25,25.98,85.22,57.17,0.018891
STN_GAN_02,Gandak Rewaghat Station,2019-08-12,58.32,25.98,85.22,58.25,0.001202
STN_GAN_02,Gandak Rewaghat Station,2019-08-13,58.38,25.98,85.22,58.32,0.001029
STN_GAN_02,Gandak Rewaghat Station,2019-08-14,58.42,25.98,85.22,58.38,0.000685
STN_GAN_02,Gandak Rewaghat Station,2019-08-15,58.55,25.98,85.22,58.42,0.002225
STN_GAN_02,Gandak Rewaghat Station,2019-08-16,58.54,25.98,85.22,58.55,-0.000171
STN_GAN_02,Gandak Rewaghat Station,2019-08-17,58.36,25.98,85.22,58.54,-0.003075
STN_GAN_02,Gandak Rewaghat Station,2019-08-18,58.19,25.98,85.22,58.36,-0.002913
STN_GAN_02,Gandak Rewaghat Station,2019-08-19,58.23,25.98,85.22,58.19,0.000687
STN_GAN_02,Gandak Rewaghat Station,2019-08-20,58.06,25.98,85.22,58.23,-0.002919
STN_GAN_02,Gandak Rewaghat Station,2019-08-21,57.83,25.98,85.22,58.06,-0.003961
STN_GAN_02,Gandak Rewaghat Station,2019-08-22,57.92,25.98,85.22,57.83,0.001556
STN_GAN_02,Gandak Rewaghat Station,2019-08-23,57.87,25.98,85.22,57.92,-0.000863
STN_GAN_02,Gandak Rewaghat Station,2019-08-24,58.52,25.98,85.22,57.87,0.011232
STN_GAN_02,Gandak Rewaghat Station,2019-08-25,57.51,25.98,85.22,58.52,-0.017259
STN_GAN_02,Gandak Rewaghat Station,2019-08-26,57.99,25.98,85.22,57.51,0.008346
STN_GAN_02,Gandak Rewaghat Station,2019-08-27,58.54,25.98,85.22,57.99,0.009484
STN_GAN_02,Gandak Rewaghat Station,2019-08-28,57.76,25.98,85.22,58.54,-0.013324
STN_GAN_02,Gandak Rewaghat Station,2019-08-29,57.68,25.98,85.22,57.76,-0.001385
STN_GAN_02,Gandak Rewaghat Station,2019-08-30,57.58,25.98,85.22,57.68,-0.001734
STN_GAN_02,Gandak Rewaghat Station,2019-08-31,57.07,25.98,85.22,57.58,-0.008857
STN_GAN_02,Gandak Rewaghat Station,2019-09-01,56.8,25.98,85.22,57.07,-0.004731
STN_GAN_02,Gandak Rewaghat Station,2019-09-02,56.41,25.98,85.22,56.8,-0.006866
STN_GAN_02,Gandak Rewaghat Station,2019-09-03,57.16,25.98,85.22,56.41,0.013296
STN_GAN_02,Gandak Rewaghat Station,2019-09-04,57.58,25.98,85.22,57.16,0.007348
STN_GAN_02,Gandak Rewaghat Station,2019-09-05,58.14,25.98,85.22,57.58,0.009726
STN_GAN_02,Gandak Rewaghat Station,2019-09-06,58.48,25.98,85.22,58.14,0.005848
STN_GAN_02,Gandak Rewaghat Station,2019-09-07,58.08,25.98,85.22,58.48,-0.00684
STN_GAN_02,Gandak Rewaghat Station,2019-09-08,57.92,25.98,85.22,58.08,-0.002755
STN_GAN_02,Gandak Rewaghat Station,2019-09-09,58.17,25.98,85.22,57.92,0.004316
STN_GAN_02,Gandak Rewaghat Station,2019-09-10,57.73,25.98,85.22,58.17,-0.007564
STN_GAN_02,Gandak Rewaghat Station,2019-09-11,58.06,25.98,85.22,57.73,0.005716
STN_GAN_02,Gandak Rewaghat Station,2019-09-12,58.02,25.98,85.22,58.06,-0.000689
STN_GAN_02,Gandak Rewaghat Station,2019-09-13,57.92,25.98,85.22,58.02,-0.001724
STN_GAN_02,Gandak Rewaghat Station,2019-09-14,58.25,25.98,85.22,57.92,0.005698
STN_GAN_02,Gandak Rewaghat Station,2019-09-15,58.48,25.98,85.22,58.25,0.003948
STN_GAN_02,Gandak Rewaghat Station,2019-09-16,58.38,25.98,85.22,58.48,-0.00171
STN_GAN_02,Gandak Rewaghat Station,2019-09-17,58.9,25.98,85.22,58.38,0.008907
STN_GAN_02,Gandak Rewaghat Station,2019-09-18,58.52,25.98,85.22,58.9,-0.006452
STN_GAN_02,Gandak Rewaghat Station,2019-09-19,58.81,25.98,85.22,58.52,0.004956
STN_GAN_02,Gandak Rewaghat Station,2019-09-20,59.1,25.98,85.22,58.81,0.004931
STN_GAN_02,Gandak Rewaghat Station,2019-09-21,59.03,25.98,85.22,59.1,-0.001184
STN_GAN_02,Gandak Rewaghat Station,2019-09-22,59.21,25.98,85.22,59.03,0.003049
STN_GAN_02,Gandak Rewaghat Station,2019-09-23,58.76,25.98,85.22,59.21,-0.0076
STN_GAN_02,Gandak Rewaghat Station,2019-09-24,59.18,25.98,85.22,58.76,0.007148
STN_GAN_02,Gandak Rewaghat Station,2019-09-25,59.15,25.98,85.22,59.18,-0.000507
STN_GAN_02,Gandak Rewaghat Station,2019-09-26,58.99,25.98,85.22,59.15,-0.002705
STN_GAN_02,Gandak Rewaghat Station,2019-09-27,59.46,25.98,85.22,58.99,0.007967
STN_GAN_02,Gandak Rewaghat Station,2019-09-28,59.23,25.98,85.22,59.46,-0.003868
STN_GAN_02,Gandak Rewaghat Station,2019-09-29,58.72,25.98,85.22,59.23,-0.008611
STN_GAN_02,Gandak Rewaghat Station,2019-09-30,58.14,25.98,85.22,58.72,-0.009877
STN_GAN_02,Gandak Rewaghat Station,2019-10-01,58.44,25.98,85.22,58.14,0.00516
STN_GAN_02,Gandak Rewaghat Station,2019-10-02,57.97,25.98,85.22,58.44,-0.008042
STN_GAN_02,Gandak Rewaghat Station,2019-10-03,58.73,25.98,85.22,57.97,0.01311
STN_GAN_02,Gandak Rewaghat Station,2019-10-04,57.94,25.98,85.22,58.73,-0.013451
STN_GAN_02,Gandak Rewaghat Station,2019-10-05,58.67,25.98,85.22,57.94,0.012599
STN_GAN_02,Gandak Rewaghat Station,2019-10-06,58.81,25.98,85.22,58.67,0.002386
STN_GAN_02,Gandak Rewaghat Station,2019-10-07,58.82,25.98,85.22,58.81,0.00017
STN_GAN_02,Gandak Rewaghat Station,2019-10-08,58.65,25.98,85.22,58.82,-0.00289
STN_GAN_02,Gandak Rewaghat Station,2019-10-09,58.86,25.98,85.22,58.65,0.003581
STN_GAN_02,Gandak Rewaghat Station,2019-10-10,58.89,25.98,85.22,58.86,0.00051
STN_GAN_02,Gandak Rewaghat Station,2019-10-11,59.39,25.98,85.22,58.89,0.00849
STN_GAN_02,Gandak Rewaghat Station,2019-10-12,59.48,25.98,85.22,59.39,0.001515
STN_GAN_02,Gandak Rewaghat Station,2019-10-13,59.59,25.98,85.22,59.48,0.001849
STN_GAN_02,Gandak Rewaghat Station,2019-10-14,59.5,25.98,85.22,59.59,-0.00151
STN_GAN_02,Gandak Rewaghat Station,2019-10-15,59.52,25.98,85.22,59.5,0.000336
STN_GAN_02,Gandak Rewaghat Station,2019-10-16,59.7,25.98,85.22,59.52,0.003024
STN_GAN_02,Gandak Rewaghat Station,2019-10-17,59.06,25.98,85.22,59.7,-0.01072
STN_GAN_02,Gandak Rewaghat Station,2019-10-18,58.57,25.98,85.22,59.06,-0.008297
STN_GAN_02,Gandak Rewaghat Station,2019-10-19,58.92,25.98,85.22,58.57,0.005976
STN_GAN_02,Gandak Rewaghat Station,2019-10-20,59.04,25.98,85.22,58.92,0.002037
STN_GAN_02,Gandak Rewaghat Station,2019-10-21,59.02,25.98,85.22,59.04,-0.000339
STN_GAN_02,Gandak Rewaghat Station,2019-10-22,59.07,25.98,85.22,59.02,0.000847
STN_GAN_02,Gandak Rewaghat Station,2019-10-23,59.26,25.98,85.22,59.07,0.003217
STN_GAN_02,Gandak Rewaghat Station,2019-10-24,59.1,25.98,85.22,59.26,-0.0027
STN_GAN_02,Gandak Rewaghat Station,2019-10-25,58.83,25.98,85.22,59.1,-0.004569
STN_GAN_02,Gandak Rewaghat Station,2019-10-26,58.96,25.98,85.22,58.83,0.00221
STN_GAN_02,Gandak Rewaghat Station,2019-10-27,58.62,25.98,85.22,58.96,-0.005767
STN_GAN_02,Gandak Rewaghat Station,2019-10-28,58.83,25.98,85.22,58.62,0.003582
STN_GAN_02,Gandak Rewaghat Station,2019-10-29,58.2,25.98,85.22,58.83,-0.010709
STN_GAN_02,Gandak Rewaghat Station,2019-10-30,58.67,25.98,85.22,58.2,0.008076
STN_GAN_02,Gandak Rewaghat Station,2019-10-31,58.9,25.98,85.22,58.67,0.00392
STN_KOS_01,Kosi Barrage Birpur,2019-05-01,45.25,26.52,86.93,,
STN_KOS_01,Kosi Barrage Birpur,2019-05-02,45.24,26.52,86.93,45.25,-0.000221
STN_KOS_01,Kosi Barrage Birpur,2019-05-03,45.55,26.52,86.93,45.24,0.006852
STN_KOS_01,Kosi Barrage Birpur,2019-05-04,46.21,26.52,86.93,45.55,0.01449
STN_KOS_01,Kosi Barrage Birpur,2019-05-05,46.17,26.52,86.93,46.21,-0.000866
STN_KOS_01,Kosi Barrage Birpur,2019-05-06,46.12,26.52,86.93,46.17,-0.001083
STN_KOS_01,Kosi Barrage Birpur,2019-05-07,46.81,26.52,86.93,46.12,0.014961
STN_KOS_01,Kosi Barrage Birpur,2019-05-08,47.16,26.52,86.93,46.81,0.007477
STN_KOS_01,Kosi Barrage Birpur,2019-05-09,47.03,26.52,86.93,47.16,-0.002757
STN_KOS_01,Kosi Barrage Birpur,2019-05-10,47.29,26.52,86.93,47.03,0.005528
STN_KOS_01,Kosi Barrage Birpur,2019-05-11,47.16,26.52,86.93,47.29,-0.002749
STN_KOS_01,Kosi Barrage Birpur,2019-05-12,47.02,26.52,86.93,47.16,-0.002969
STN_KOS_01,Kosi Barrage Birpur,2019-05-13,47.17,26.52,86.93,47.02,0.00319
STN_KOS_01,Kosi Barrage Birpur,2019-05-14,46.45,26.52,86.93,47.17,-0.015264
STN_KOS_01,Kosi Barrage Birpur,2019-05-15,45.81,26.52,86.93,46.45,-0.013778
STN_KOS_01,Kosi Barrage Birpur,2019-05-16,45.64,26.52,86.93,45.81,-0.003711
STN_KOS_01,Kosi Barrage Birpur,2019-05-17,45.28,26.52,86.93,45.64,-0.007888
STN_KOS_01,Kosi Barrage Birpur,2019-05-18,45.46,26.52,86.93,45.28,0.003975
STN_KOS_01,Kosi Barrage Birpur,2019-05-19,45.14,26.52,86.93,45.46,-0.007039
STN_KOS_01,Kosi Barrage Birpur,2019-05-20,44.63,26.52,86.93,45.14,-0.011298
STN_KOS_01,Kosi Barrage Birpur,2019-05-21,45.27,26.52,86.93,44.63,0.01434
STN_KOS_01,Kosi Barrage Birpur,2019-05-22,45.23,26.52,86.93,45.27,-0.000884
STN_KOS_01,Kosi Barrage Birpur,2019-05-23,45.3,26.52,86.93,45.23,0.001548
STN_KOS_01,Kosi Barrage Birpur,2019-05-24,44.78,26.52,86.93,45.3,-0.011479
STN_KOS_01,Kosi Barrage Birpur,2019-05-25,44.61,26.52,86.93,44.78,-0.003796
STN_KOS_01,Kosi Barrage Birpur,2019-05-26,44.71,26.52,86.93,44.61,0.002242
STN_KOS_01,Kosi Barrage Birpur,2019-05-27,44.3,26.52,86.93,44.71,-0.00917
STN_KOS_01,Kosi Barrage Birpur,2019-05-28,44.5,26.52,86.93,44.3,0.004515
STN_KOS_01,Kosi Barrage Birpur,2019-05-29,44.31,26.52,86.93,44.5,-0.00427
STN_KOS_01,Kosi Barrage Birpur,2019-05-30,44.24,26.52,86.93,44.31,-0.00158
STN_KOS_01,Kosi Barrage Birpur,2019-05-31,44.05,26.52,86.93,44.24,-0.004295
STN_KOS_01,Kosi Barrage Birpur,2019-06-01,44.84,26.52,86.93,44.05,0.017934
STN_KOS_01,Kosi Barrage Birpur,2019-06-02,44.89,26.52,86.93,44.84,0.001115
STN_KOS_01,Kosi Barrage Birpur,2019-06-03,44.51,26.52,86.93,44.89,-0.008465
STN_KOS_01,Kosi Barrage Birpur,2019-06-04,44.89,26.52,86.93,44.51,0.008537
STN_KOS_01,Kosi Barrage Birpur,2019-06-05,44.45,26.52,86.93,44.89,-0.009802
STN_KOS_01,Kosi Barrage Birpur,2019-06-06,44.59,26.52,86.93,44.45,0.00315
STN_KOS_01,Kosi Barrage Birpur,2019-06-07,43.85,26.52,86.93,44.59,-0.016596
STN_KOS_01,Kosi Barrage Birpur,2019-06-08,43.37,26.52,86.93,43.85,-0.010946
STN_KOS_01,Kosi Barrage Birpur,2019-06-09,43.5,26.52,86.93,43.37,0.002997
STN_KOS_01,Kosi Barrage Birpur,2019-06-10,43.85,26.52,86.93,43.5,0.008046
STN_KOS_01,Kosi Barrage Birpur,2019-06-11,43.97,26.52,86.93,43.85,0.002737
STN_KOS_01,Kosi Barrage Birpur,2019-06-12,43.97,26.52,86.93,43.97,0.0
STN_KOS_01,Kosi Barrage Birpur,2019-06-13,43.9,26.52,86.93,43.97,-0.001592
STN_KOS_01,Kosi Barrage Birpur,2019-06-14,43.36,26.52,86.93,43.9,-0.012301
STN_KOS_01,Kosi Barrage Birpur,2019-06-15,43.12,26.52,86.93,43.36,-0.005535
STN_KOS_01,Kosi Barrage Birpur,2019-06-16,42.99,26.52,86.93,43.12,-0.003015
STN_KOS_01,Kosi Barrage Birpur,2019-06-17,43.46,26.52,86.93,42.99,0.010933
STN_KOS_01,Kosi Barrage Birpur,2019-06-18,43.65,26.52,86.93,43.46,0.004372
STN_KOS_01,Kosi Barrage Birpur,2019-06-19,42.99,26.52,86.93,43.65,-0.01512
STN_KOS_01,Kosi Barrage Birpur,2019-06-20,43.17,26.52,86.93,42.99,0.004187
STN_KOS_01,Kosi Barrage Birpur,2019-06-21,43.07,26.52,86.93,43.17,-0.002316
STN_KOS_01,Kosi Barrage Birpur,2019-06-22,42.85,26.52,86.93,43.07,-0.005108
STN_KOS_01,Kosi Barrage Birpur,2019-06-23,43.14,26.52,86.93,42.85,0.006768
STN_KOS_01,Kosi Barrage Birpur,2019-06-24,43.6,26.52,86.93,43.14,0.010663
STN_KOS_01,Kosi Barrage Birpur,2019-06-25,44.02,26.52,86.93,43.6,0.009633
STN_KOS_01,Kosi Barrage Birpur,2019-06-26,43.74,26.52,86.93,44.02,-0.006361
STN_KOS_01,Kosi Barrage Birpur,2019-06-27,43.67,26.52,86.93,43.74,-0.0016
STN_KOS_01,Kosi Barrage Birpur,2019-06-28,43.85,26.52,86.93,43.67,0.004122
STN_KOS_01,Kosi Barrage Birpur,2019-06-29,44.29,26.52,86.93,43.85,0.010034
STN_KOS_01,Kosi Barrage Birpur,2019-06-30,44.15,26.52,86.93,44.29,-0.003161
STN_KOS_01,Kosi Barrage Birpur,2019-07-01,44.12,26.52,86.93,44.15,-0.00068
STN_KOS_01,Kosi Barrage Birpur,2019-07-02,43.73,26.52,86.93,44.12,-0.00884
STN_KOS_01,Kosi Barrage Birpur,2019-07-03,43.3,26.52,86.93,43.73,-0.009833
STN_KOS_01,Kosi Barrage Birpur,2019-07-04,43.68,26.52,86.93,43.3,0.008776
STN_KOS_01,Kosi Barrage Birpur,2019-07-05,44.27,26.52,86.93,43.68,0.013507
STN_KOS_01,Kosi Barrage Birpur,2019-07-06,44.29,26.52,86.93,44.27,0.000452
STN_KOS_01,Kosi Barrage Birpur,2019-07-07,44.74,26.52,86.93,44.29,0.01016
STN_KOS_01,Kosi Barrage Birpur,2019-07-08,44.94,26.52,86.93,44.74,0.00447
STN_KOS_01,Kosi Barrage Birpur,2019-07-09,44.73,26.52,86.93,44.94,-0.004673
STN_KOS_01,Kosi Barrage Birpur,2019-07-10,44.92,26.52,86.93,44.73,0.004248
STN_KOS_01,Kosi Barrage Birpur,2019-07-11,45.59,26.52,86.93,44.92,0.014915
STN_KOS_01,Kosi Barrage Birpur,2019-07-12,45.62,26.52,86.93,45.59,0.000658
STN_KOS_01,Kosi Barrage Birpur,2019-07-13,46.3,26.52,86.93,45.62,0.014906
STN_KOS_01,Kosi Barrage Birpur,2019-07-14,45.3,26.52,86.93,46.3,-0.021598
STN_KOS_01,Kosi Barrage Birpur,2019-07-15,45.68,26.52,86.93,45.3,0.008389
STN_KOS_01,Kosi Barrage Birpur,2019-07-16,45.77,26.52,86.93,45.68,0.00197
STN_KOS_01,Kosi Barrage Birpur,2019-07-17,45.7,26.52,86.93,45.77,-0.001529
STN_KOS_01,Kosi Barrage Birpur,2019-07-18,45.78,26.52,86.93,45.7,0.001751
STN_KOS_01,Kosi Barrage Birpur,2019-07-19,45.04,26.52,86.93,45.78,-0.016164
STN_KOS_01,Kosi Barrage Birpur,2019-07-20,45.0,26.52,86.93,45.04,-0.000888
STN_KOS_01,Kosi Barrage Birpur,2019-07-21,45.19,26.52,86.93,45.0,0.004222
STN_KOS_01,Kosi Barrage Birpur,2019-07-22,45.83,26.52,86.93,45.19,0.014162
STN_KOS_01,Kosi Barrage Birpur,2019-07-23,45.68,26.52,86.93,45.83,-0.003273
STN_KOS_01,Kosi Barrage Birpur,2019-07-24,45.4,26.52,86.93,45.68,-0.00613
STN_KOS_01,Kosi Barrage Birpur,2019-07-25,45.25,26.52,86.93,45.4,-0.003304
STN_KOS_01,Kosi Barrage Birpur,2019-07-26,45.67,26.52,86.93,45.25,0.009282
STN_KOS_01,Kosi Barrage Birpur,2019-07-27,45.85,26.52,86.93,45.67,0.003941
STN_KOS_01,Kosi Barrage Birpur,2019-07-28,45.69,26.52,86.93,45.85,-0.00349
STN_KOS_01,Kosi Barrage Birpur,2019-07-29,45.94,26.52,86.93,45.69,0.005472
STN_KOS_01,Kosi Barrage Birpur,2019-07-30,46.03,26.52,86.93,45.94,0.001959
STN_KOS_01,Kosi Barrage Birpur,2019-07-31,46.47,26.52,86.93,46.03,0.009559
STN_KOS_01,Kosi Barrage Birpur,2019-08-01,46.24,26.52,86.93,46.47,-0.004949
STN_KOS_01,Kosi Barrage Birpur,2019-08-02,46.16,26.52,86.93,46.24,-0.00173
STN_KOS_01,Kosi Barrage Birpur,2019-08-03,46.05,26.52,86.93,46.16,-0.002383
STN_KOS_01,Kosi Barrage Birpur,2019-08-04,45.52,26.52,86.93,46.05,-0.011509
STN_KOS_01,Kosi Barrage Birpur,2019-08-05,45.68,26.52,86.93,45.52,0.003515
STN_KOS_01,Kosi Barrage Birpur,2019-08-06,45.84,26.52,86.93,45.68,0.003503
STN_KOS_01,Kosi Barrage Birpur,2019-08-07,45.89,26.52,86.93,45.84,0.001091
STN_KOS_01,Kosi Barrage Birpur,2019-08-08,45.85,26.52,86.93,45.89,-0.000872
STN_KOS_01,Kosi Barrage Birpur,2019-08-09,45.33,26.52,86.93,45.85,-0.011341
STN_KOS_01,Kosi Barrage Birpur,2019-08-10,45.21,26.52,86.93,45.33,-0.002647
STN_KOS_01,Kosi Barrage Birpur,2019-08-11,45.12,26.52,86.93,45.21,-0.001991
STN_KOS_01,Kosi Barrage Birpur,2019-08-12,44.85,26.52,86.93,45.12,-0.005984
STN_KOS_01,Kosi Barrage Birpur,2019-08-13,44.84,26.52,86.93,44.85,-0.000223
STN_KOS_01,Kosi Barrage Birpur,2019-08-14,45.05,26.52,86.93,44.84,0.004683
STN_KOS_01,Kosi Barrage Birpur,2019-08-15,45.86,26.52,86.93,45.05,0.01798
STN_KOS_01,Kosi Barrage Birpur,2019-08-16,45.98,26.52,86.93,45.86,0.002617
STN_KOS_01,Kosi Barrage Birpur,2019-08-17,46.13,26.52,86.93,45.98,0.003262
STN_KOS_01,Kosi Barrage Birpur,2019-08-18,46.15,26.52,86.93,46.13,0.000434
STN_KOS_01,Kosi Barrage Birpur,2019-08-19,45.43,26.52,86.93,46.15,-0.015601
STN_KOS_01,Kosi Barrage Birpur,2019-08-20,45.47,26.52,86.93,45.43,0.00088
STN_KOS_01,Kosi Barrage Birpur,2019-08-21,45.54,26.52,86.93,45.47,0.001539
STN_KOS_01,Kosi Barrage Birpur,2019-08-22,46.58,26.52,86.93,45.54,0.022837
STN_KOS_01,Kosi Barrage Birpur,2019-08-23,46.55,26.52,86.93,46.58,-0.000644
STN_KOS_01,Kosi Barrage Birpur,2019-08-24,46.72,26.52,86.93,46.55,0.003652
STN_KOS_01,Kosi Barrage Birpur,2019-08-25,46.76,26.52,86.93,46.72,0.000856
STN_KOS_01,Kosi Barrage Birpur,2019-08-26,46.34,26.52,86.93,46.76,-0.008982
STN_KOS_01,Kosi Barrage Birpur,2019-08-27,46.85,26.52,86.93,46.34,0.011006
STN_KOS_01,Kosi Barrage Birpur,2019-08-28,47.2,26.52,86.93,46.85,0.007471
STN_KOS_01,Kosi Barrage Birpur,2019-08-29,47.57,26.52,86.93,47.2,0.007839
STN_KOS_01,Kosi Barrage Birpur,2019-08-30,47.25,26.52,86.93,47.57,-0.006727
STN_KOS_01,Kosi Barrage Birpur,2019-08-31,47.86,26.52,86.93,47.25,0.01291
STN_KOS_01,Kosi Barrage Birpur,2019-09-01,47.35,26.52,86.93,47.86,-0.010656
STN_KOS_01,Kosi Barrage Birpur,2019-09-02,47.64,26.52,86.93,47.35,0.006125
STN_KOS_01,Kosi Barrage Birpur,2019-09-03,48.56,26.52,86.93,47.64,0.019312
STN_KOS_01,Kosi Barrage Birpur,2019-09-04,48.22,26.52,86.93,48.56,-0.007002
STN_KOS_01,Kosi Barrage Birpur,2019-09-05,48.04,26.52,86.93,48.22,-0.003733
STN_KOS_01,Kosi Barrage Birpur,2019-09-06,48.13,26.52,86.93,48.04,0.001873
STN_KOS_01,Kosi Barrage Birpur,2019-09-07,47.98,26.52,86.93,48.13,-0.003117
STN_KOS_01,Kosi Barrage Birpur,2019-09-08,47.41,26.52,86.93,47.98,-0.01188
STN_KOS_01,Kosi Barrage Birpur,2019-09-09,47.49,26.52,86.93,47.41,0.001687
STN_KOS_01,Kosi Barrage Birpur,2019-09-10,47.11,26.52,86.93,47.49,-0.008002
STN_KOS_01,Kosi Barrage Birpur,2019-09-11,47.35,26.52,86.93,47.11,0.005094
STN_KOS_01,Kosi Barrage Birpur,2019-09-12,47.03,26.52,86.93,47.35,-0.006758
STN_KOS_01,Kosi Barrage Birpur,2019-09-13,47.7,26.52,86.93,47.03,0.014246
STN_KOS_01,Kosi Barrage Birpur,2019-09-14,47.44,26.52,86.93,47.7,-0.005451
STN_KOS_01,Kosi Barrage Birpur,2019-09-15,47.36,26.52,86.93,47.44,-0.001686
STN_KOS_01,Kosi Barrage Birpur,2019-09-16,47.74,26.52,86.93,47.36,0.008024
STN_KOS_01,Kosi Barrage Birpur,2019-09-17,47.29,26.52,86.93,47.74,-0.009426
STN_KOS_01,Kosi Barrage Birpur,2019-09-18,47.44,26.52,86.93,47.29,0.003172
STN_KOS_01,Kosi Barrage Birpur,2019-09-19,48.01,26.52,86.93,47.44,0.012015
STN_KOS_01,Kosi Barrage Birpur,2019-09-20,47.42,26.52,86.93,48.01,-0.012289
STN_KOS_01,Kosi Barrage Birpur,2019-09-21,47.54,26.52,86.93,47.42,0.002531
STN_KOS_01,Kosi Barrage Birpur,2019-09-22,47.69,26.52,86.93,47.54,0.003155
STN_KOS_01,Kosi Barrage Birpur,2019-09-23,48.06,26.52,86.93,47.69,0.007758
STN_KOS_01,Kosi Barrage Birpur,2019-09-24,47.61,26.52,86.93,48.06,-0.009363
STN_KOS_01,Kosi Barrage Birpur,2019-09-25,47.13,26.52,86.93,47.61,-0.010082
STN_KOS_01,Kosi Barrage Birpur,2019-09-26,47.39,26.52,86.93,47.13,0.005517
STN_KOS_01,Kosi Barrage Birpur,2019-09-27,47.56,26.52,86.93,47.39,0.003587
STN_KOS_01,Kosi Barrage Birpur,2019-09-28,47.71,26.52,86.93,47.56,0.003154
STN_KOS_01,Kosi Barrage Birpur,2019-09-29,47.9,26.52,86.93,47.71,0.003982
STN_KOS_01,Kosi Barrage Birpur,2019-09-30,47.68,26.52,86.93,47.9,-0.004593
STN_KOS_01,Kosi Barrage Birpur,2019-10-01,47.82,26.52,86.93,47.68,0.002936
STN_KOS_01,Kosi Barrage Birpur,2019-10-02,47.99,26.52,86.93,47.82,0.003555
STN_KOS_01,Kosi Barrage Birpur,2019-10-03,47.75,26.52,86.93,47.99,-0.005001
STN_KOS_01,Kosi Barrage Birpur,2019-10-04,48.55,26.52,86.93,47.75,0.016754
STN_KOS_01,Kosi Barrage Birpur,2019-10-05,48.79,26.52,86.93,48.55,0.004943
STN_KOS_01,Kosi Barrage Birpur,2019-10-06,48.36,26.52,86.93,48.79,-0.008813
STN_KOS_01,Kosi Barrage Birpur,2019-10-07,48.67,26.52,86.93,48.36,0.00641
STN_KOS_01,Kosi Barrage Birpur,2019-10-08,48.33,26.52,86.93,48.67,-0.006986
STN_KOS_01,Kosi Barrage Birpur,2019-10-09,48.7,26.52,86.93,48.33,0.007656
STN_KOS_01,Kosi Barrage Birpur,2019-10-10,49.21,26.52,86.93,48.7,0.010472
STN_KOS_01,Kosi Barrage Birpur,2019-10-11,48.93,26.52,86.93,49.21,-0.00569
STN_KOS_01,Kosi Barrage Birpur,2019-10-12,49.37,26.52,86.93,48.93,0.008992
STN_KOS_01,Kosi Barrage Birpur,2019-10-13,49.58,26.52,86.93,49.37,0.004254
STN_KOS_01,Kosi Barrage Birpur,2019-10-14,49.96,26.52,86.93,49.58,0.007664
STN_KOS_01,Kosi Barrage Birpur,2019-10-15,50.77,26.52,86.93,49.96,0.016213
STN_KOS_01,Kosi Barrage Birpur,2019-10-16,50.72,26.52,86.93,50.77,-0.000985
STN_KOS_01,Kosi Barrage Birpur,2019-10-17,50.47,26.52,86.93,50.72,-0.004929
STN_KOS_01,Kosi Barrage Birpur,2019-10-18,50.17,26.52,86.93,50.47,-0.005944
STN_KOS_01,Kosi Barrage Birpur,2019-10-19,49.89,26.52,86.93,50.17,-0.005581
STN_KOS_01,Kosi Barrage Birpur,2019-10-20,49.91,26.52,86.93,49.89,0.000401
STN_KOS_01,Kosi Barrage Birpur,2019-10-21,50.1,26.52,86.93,49.91,0.003807
STN_KOS_01,Kosi Barrage Birpur,2019-10-22,50.26,26.52,86.93,50.1,0.003194
STN_KOS_01,Kosi Barrage Birpur,2019-10-23,50.64,26.52,86.93,50.26,0.007561
STN_KOS_01,Kosi Barrage Birpur,2019-10-24,50.69,26.52,86.93,50.64,0.000987
STN_KOS_01,Kosi Barrage Birpur,2019-10-25,51.32,26.52,86.93,50.69,0.012428
STN_KOS_01,Kosi Barrage Birpur,2019-10-26,51.27,26.52,86.93,51.32,-0.000974
STN_KOS_01,Kosi Barrage Birpur,2019-10-27,52.41,26.52,86.93,51.27,0.022235
STN_KOS_01,Kosi Barrage Birpur,2019-10-28,52.71,26.52,86.93,52.41,0.005724
STN_KOS_01,Kosi Barrage Birpur,2019-10-29,52.41,26.52,86.93,52.71,-0.005692
STN_KOS_01,Kosi Barrage Birpur,2019-10-30,52.03,26.52,86.93,52.41,-0.007251
STN_KOS_01,Kosi Barrage Birpur,2019-10-31,52.28,26.52,86.93,52.03,0.004805
STN_KOS_02,Kosi Baltara Station,2019-05-01,34.46,25.68,86.62,,
STN_KOS_02,Kosi Baltara Station,2019-05-02,34.8,25.68,86.62,34.46,0.009867
STN_KOS_02,Kosi Baltara Station,2019-05-03,35.04,25.68,86.62,34.8,0.006897
STN_KOS_02,Kosi Baltara Station,2019-05-04,35.06,25.68,86.62,35.04,0.000571
STN_KOS_02,Kosi Baltara Station,2019-05-05,34.77,25.68,86.62,35.06,-0.008272
STN_KOS_02,Kosi Baltara Station,2019-05-06,34.21,25.68,86.62,34.77,-0.016106
STN_KOS_02,Kosi Baltara Station,2019-05-07,34.08,25.68,86.62,34.21,-0.0038
STN_KOS_02,Kosi Baltara Station,2019-05-08,34.48,25.68,86.62,34.08,0.011737
STN_KOS_02,Kosi Baltara Station,2019-05-09,34.61,25.68,86.62,34.48,0.00377
STN_KOS_02,Kosi Baltara Station,2019-05-10,34.16,25.68,86.62,34.61,-0.013002
STN_KOS_02,Kosi Baltara Station,2019-05-11,34.28,25.68,86.62,34.16,0.003513
STN_KOS_02,Kosi Baltara Station,2019-05-12,34.49,25.68,86.62,34.28,0.006126
STN_KOS_02,Kosi Baltara Station,2019-05-13,34.18,25.68,86.62,34.49,-0.008988
STN_KOS_02,Kosi Baltara Station,2019-05-14,34.29,25.68,86.62,34.18,0.003218
STN_KOS_02,Kosi Baltara Station,2019-05-15,34.37,25.68,86.62,34.29,0.002333
STN_KOS_02,Kosi Baltara Station,2019-05-16,33.96,25.68,86.62,34.37,-0.011929
STN_KOS_02,Kosi Baltara Station,2019-05-17,34.15,25.68,86.62,33.96,0.005595
STN_KOS_02,Kosi Baltara Station,2019-05-18,34.43,25.68,86.62,34.15,0.008199
STN_KOS_02,Kosi Baltara Station,2019-05-19,34.91,25.68,86.62,34.43,0.013941
STN_KOS_02,Kosi Baltara Station,2019-05-20,35.38,25.68,86.62,34.91,0.013463
STN_KOS_02,Kosi Baltara Station,2019-05-21,34.88,25.68,86.62,35.38,-0.014132
STN_KOS_02,Kosi Baltara Station,2019-05-22,34.56,25.68,86.62,34.88,-0.009174
STN_KOS_02,Kosi Baltara Station,2019-05-23,34.81,25.68,86.62,34.56,0.007234
STN_KOS_02,Kosi Baltara Station,2019-05-24,35.07,25.68,86.62,34.81,0.007469
STN_KOS_02,Kosi Baltara Station,2019-05-25,35.32,25.68,86.62,35.07,0.007129
STN_KOS_02,Kosi Baltara Station,2019-05-26,36.92,25.68,86.62,35.32,0.0453
STN_KOS_02,Kosi Baltara Station,2019-05-27,37.19,25.68,86.62,36.92,0.007313
STN_KOS_02,Kosi Baltara Station,2019-05-28,37.7,25.68,86.62,37.19,0.013713
STN_KOS_02,Kosi Baltara Station,2019-05-29,38.13,25.68,86.62,37.7,0.011406
STN_KOS_02,Kosi Baltara Station,2019-05-30,38.44,25.68,86.62,38.13,0.00813
STN_KOS_02,Kosi Baltara Station,2019-05-31,38.36,25.68,86.62,38.44,-0.002081
STN_KOS_02,Kosi Baltara Station,2019-06-01,38.72,25.68,86.62,38.36,0.009385
STN_KOS_02,Kosi Baltara Station,2019-06-02,38.46,25.68,86.62,38.72,-0.006715
STN_KOS_02,Kosi Baltara Station,2019-06-03,38.41,25.68,86.62,38.46,-0.0013
STN_KOS_02,Kosi Baltara Station,2019-06-04,38.27,25.68,86.62,38.41,-0.003645
STN_KOS_02,Kosi Baltara Station,2019-06-05,38.35,25.68,86.62,38.27,0.00209
STN_KOS_02,Kosi Baltara Station,2019-06-06,39.33,25.68,86.62,38.35,0.025554
STN_KOS_02,Kosi Baltara Station,2019-06-07,38.63,25.68,86.62,39.33,-0.017798
STN_KOS_02,Kosi Baltara Station,2019-06-08,38.96,25.68,86.62,38.63,0.008543
STN_KOS_02,Kosi Baltara Station,2019-06-09,38.36,25.68,86.62,38.96,-0.0154
STN_KOS_02,Kosi Baltara Station,2019-06-10,38.22,25.68,86.62,38.36,-0.00365
STN_KOS_02,Kosi Baltara Station,2019-06-11,38.71,25.68,86.62,38.22,0.012821
STN_KOS_02,Kosi Baltara Station,2019-06-12,38.78,25.68,86.62,38.71,0.001808
STN_KOS_02,Kosi Baltara Station,2019-06-13,38.4,25.68,86.62,38.78,-0.009799
STN_KOS_02,Kosi Baltara Station,2019-06-14,38.17,25.68,86.62,38.4,-0.00599
STN_KOS_02,Kosi Baltara Station,2019-06-15,38.49,25.68,86.62,38.17,0.008384
STN_KOS_02,Kosi Baltara Station,2019-06-16,38.25,25.68,86.62,38.49,-0.006235
STN_KOS_02,Kosi Baltara Station,2019-06-17,38.38,25.68,86.62,38.25,0.003399
STN_KOS_02,Kosi Baltara Station,2019-06-18,38.45,25.68,86.62,38.38,0.001824
STN_KOS_02,Kosi Baltara Station,2019-06-19,38.24,25.68,86.62,38.45,-0.005462
STN_KOS_02,Kosi Baltara Station,2019-06-20,39.15,25.68,86.62,38.24,0.023797
STN_KOS_02,Kosi Baltara Station,2019-06-21,39.45,25.68,86.62,39.15,0.007663
STN_KOS_02,Kosi Baltara Station,2019-06-22,38.69,25.68,86.62,39.45,-0.019265
STN_KOS_02,Kosi Baltara Station,2019-06-23,38.82,25.68,86.62,38.69,0.00336
STN_KOS_02,Kosi Baltara Station,2019-06-24,38.6,25.68,86.62,38.82,-0.005667
STN_KOS_02,Kosi Baltara Station,2019-06-25,38.99,25.68,86.62,38.6,0.010104
STN_KOS_02,Kosi Baltara Station,2019-06-26,38.72,25.68,86.62,38.99,-0.006925
STN_KOS_02,Kosi Baltara Station,2019-06-27,38.73,25.68,86.62,38.72,0.000258
STN_KOS_02,Kosi Baltara Station,2019-06-28,38.98,25.68,86.62,38.73,0.006455
STN_KOS_02,Kosi Baltara Station,2019-06-29,39.38,25.68,86.62,38.98,0.010262
STN_KOS_02,Kosi Baltara Station,2019-06-30,38.95,25.68,86.62,39.38,-0.010919
STN_KOS_02,Kosi Baltara Station,2019-07-01,38.86,25.68,86.62,38.95,-0.002311
STN_KOS_02,Kosi Baltara Station,2019-07-02,38.72,25.68,86.62,38.86,-0.003603
STN_KOS_02,Kosi Baltara Station,2019-07-03,38.51,25.68,86.62,38.72,-0.005424
STN_KOS_02,Kosi Baltara Station,2019-07-04,39.27,25.68,86.62,38.51,0.019735
STN_KOS_02,Kosi Baltara Station,2019-07-05,39.48,25.68,86.62,39.27,0.005348
STN_KOS_02,Kosi Baltara Station,2019-07-06,39.03,25.68,86.62,39.48,-0.011398
STN_KOS_02,Kosi Baltara Station,2019-07-07,39.44,25.68,86.62,39.03,0.010505
STN_KOS_02,Kosi Baltara Station,2019-07-08,40.34,25.68,86.62,39.44,0.022819
STN_KOS_02,Kosi Baltara Station,2019-07-09,40.8,25.68,86.62,40.34,0.011403
STN_KOS_02,Kosi Baltara Station,2019-07-10,40.25,25.68,86.62,40.8,-0.01348
STN_KOS_02,Kosi Baltara Station,2019-07-11,40.1,25.68,86.62,40.25,-0.003727
STN_KOS_02,Kosi Baltara Station,2019-07-12,40.66,25.68,86.62,40.1,0.013965
STN_KOS_02,Kosi Baltara Station,2019-07-13,40.43,25.68,86.62,40.66,-0.005657
STN_KOS_02,Kosi Baltara Station,2019-07-14,40.65,25.68,86.62,40.43,0.005442
STN_KOS_02,Kosi Baltara Station,2019-07-15,41.01,25.68,86.62,40.65,0.008856
STN_KOS_02,Kosi Baltara Station,2019-07-16,40.69,25.68,86.62,41.01,-0.007803
STN_KOS_02,Kosi Baltara Station,2019-07-17,40.72,25.68,86.62,40.69,0.000737
STN_KOS_02,Kosi Baltara Station,2019-07-18,39.47,25.68,86.62,40.72,-0.030697
STN_KOS_02,Kosi Baltara Station,2019-07-19,39.11,25.68,86.62,39.47,-0.009121
STN_KOS_02,Kosi Baltara Station,2019-07-20,39.06,25.68,86.62,39.11,-0.001278
STN_KOS_02,Kosi Baltara Station,2019-07-21,38.61,25.68,86.62,39.06,-0.011521
STN_KOS_02,Kosi Baltara Station,2019-07-22,39.32,25.68,86.62,38.61,0.018389
STN_KOS_02,Kosi Baltara Station,2019-07-23,38.79,25.68,86.62,39.32,-0.013479
STN_KOS_02,Kosi Baltara Station,2019-07-24,38.67,25.68,86.62,38.79,-0.003094
STN_KOS_02,Kosi Baltara Station,2019-07-25,38.77,25.68,86.62,38.67,0.002586
STN_KOS_02,Kosi Baltara Station,2019-07-26,39.4,25.68,86.62,38.77,0.01625
STN_KOS_02,Kosi Baltara Station,2019-07-27,38.87,25.68,86.62,39.4,-0.013452
STN_KOS_02,Kosi Baltara Station,2019-07-28,39.39,25.68,86.62,38.87,0.013378
STN_KOS_02,Kosi Baltara Station,2019-07-29,39.44,25.68,86.62,39.39,0.001269
STN_KOS_02,Kosi Baltara Station,2019-07-30,39.1,25.68,86.62,39.44,-0.008621
STN_KOS_02,Kosi Baltara Station,2019-07-31,39.33,25.68,86.62,39.1,0.005882
STN_KOS_02,Kosi Baltara Station,2019-08-01,39.46,25.68,86.62,39.33,0.003305
STN_KOS_02,Kosi Baltara Station,2019-08-02,39.27,25.68,86.62,39.46,-0.004815
STN_KOS_02,Kosi Baltara Station,2019-08-03,39.35,25.68,86.62,39.27,0.002037
STN_KOS_02,Kosi Baltara Station,2019-08-04,39.25,25.68,86.62,39.35,-0.002541
STN_KOS_02,Kosi Baltara Station,2019-08-05,39.34,25.68,86.62,39.25,0.002293
STN_KOS_02,Kosi Baltara Station,2019-08-06,39.66,25.68,86.62,39.34,0.008134
STN_KOS_02,Kosi Baltara Station,2019-08-07,40.34,25.68,86.62,39.66,0.017146
STN_KOS_02,Kosi Baltara Station,2019-08-08,39.9,25.68,86.62,40.34,-0.010907
STN_KOS_02,Kosi Baltara Station,2019-08-09,40.8,25.68,86.62,39.9,0.022556
STN_KOS_02,Kosi Baltara Station,2019-08-10,40.07,25.68,86.62,40.8,-0.017892
STN_KOS_02,Kosi Baltara Station,2019-08-11,40.06,25.68,86.62,40.07,-0.00025
STN_KOS_02,Kosi Baltara Station,2019-08-12,40.34,25.68,86.62,40.06,0.00699
STN_KOS_02,Kosi Baltara Station,2019-08-13,40.51,25.68,86.62,40.34,0.004214
STN_KOS_02,Kosi Baltara Station,2019-08-14,40.31,25.68,86.62,40.51,-0.004937
STN_KOS_02,Kosi Baltara Station,2019-08-15,40.27,25.68,86.62,40.31,-0.000992
STN_KOS_02,Kosi Baltara Station,2019-08-16,40.13,25.68,86.62,40.27,-0.003477
STN_KOS_02,Kosi Baltara Station,2019-08-17,39.94,25.68,86.62,40.13,-0.004735
STN_KOS_02,Kosi Baltara Station,2019-08-18,40.33,25.68,86.62,39.94,0.009765
STN_KOS_02,Kosi Baltara Station,2019-08-19,40.52,25.68,86.62,40.33,0.004711
STN_KOS_02,Kosi Baltara Station,2019-08-20,40.3,25.68,86.62,40.52,-0.005429
STN_KOS_02,Kosi Baltara Station,2019-08-21,40.71,25.68,86.62,40.3,0.010174
STN_KOS_02,Kosi Baltara Station,2019-08-22,40.88,25.68,86.62,40.71,0.004176
STN_KOS_02,Kosi Baltara Station,2019-08-23,41.25,25.68,86.62,40.88,0.009051
STN_KOS_02,Kosi Baltara Station,2019-08-24,41.56,25.68,86.62,41.25,0.007515
STN_KOS_02,Kosi Baltara Station,2019-08-25,41.27,25.68,86.62,41.56,-0.006978
STN_KOS_02,Kosi Baltara Station,2019-08-26,41.1,25.68,86.62,41.27,-0.004119
STN_KOS_02,Kosi Baltara Station,2019-08-27,41.45,25.68,86.62,41.1,0.008516
STN_KOS_02,Kosi Baltara Station,2019-08-28,41.74,25.68,86.62,41.45,0.006996
STN_KOS_02,Kosi Baltara Station,2019-08-29,41.79,25.68,86.62,41.74,0.001198
STN_KOS_02,Kosi Baltara Station,2019-08-30,41.88,25.68,86.62,41.79,0.002154
STN_KOS_02,Kosi Baltara Station,2019-08-31,42.44,25.68,86.62,41.88,0.013372
STN_KOS_02,Kosi Baltara Station,2019-09-01,42.26,25.68,86.62,42.44,-0.004241
STN_KOS_02,Kosi Baltara Station,2019-09-02,42.53,25.68,86.62,42.26,0.006389
STN_KOS_02,Kosi Baltara Station,2019-09-03,42.49,25.68,86.62,42.53,-0.000941
STN_KOS_02,Kosi Baltara Station,2019-09-04,42.46,25.68,86.62,42.49,-0.000706
STN_KOS_02,Kosi Baltara Station,2019-09-05,42.95,25.68,86.62,42.46,0.01154
STN_KOS_02,Kosi Baltara Station,2019-09-06,43.33,25.68,86.62,42.95,0.008847
STN_KOS_02,Kosi Baltara Station,2019-09-07,43.7,25.68,86.62,43.33,0.008539
STN_KOS_02,Kosi Baltara Station,2019-09-08,44.27,25.68,86.62,43.7,0.013043
STN_KOS_02,Kosi Baltara Station,2019-09-09,44.33,25.68,86.62,44.27,0.001355
STN_KOS_02,Kosi Baltara Station,2019-09-10,44.66,25.68,86.62,44.33,0.007444
STN_KOS_02,Kosi Baltara Station,2019-09-11,44.58,25.68,86.62,44.66,-0.001791
STN_KOS_02,Kosi Baltara Station,2019-09-12,44.76,25.68,86.62,44.58,0.004038
STN_KOS_02,Kosi Baltara Station,2019-09-13,44.76,25.68,86.62,44.76,0.0
STN_KOS_02,Kosi Baltara Station,2019-09-14,44.85,25.68,86.62,44.76,0.002011
STN_KOS_02,Kosi Baltara Station,2019-09-15,45.14,25.68,86.62,44.85,0.006466
STN_KOS_02,Kosi Baltara Station,2019-09-16,44.86,25.68,86.62,45.14,-0.006203
STN_KOS_02,Kosi Baltara Station,2019-09-17,45.75,25.68,86.62,44.86,0.01984
STN_KOS_02,Kosi Baltara Station,2019-09-18,45.39,25.68,86.62,45.75,-0.007869
STN_KOS_02,Kosi Baltara Station,2019-09-19,44.96,25.68,86.62,45.39,-0.009473
STN_KOS_02,Kosi Baltara Station,2019-09-20,45.47,25.68,86.62,44.96,0.011343
STN_KOS_02,Kosi Baltara Station,2019-09-21,45.84,25.68,86.62,45.47,0.008137
STN_KOS_02,Kosi Baltara Station,2019-09-22,46.14,25.68,86.62,45.84,0.006545
STN_KOS_02,Kosi Baltara Station,2019-09-23,46.44,25.68,86.62,46.14,0.006502
STN_KOS_02,Kosi Baltara Station,2019-09-24,46.48,25.68,86.62,46.44,0.000861
STN_KOS_02,Kosi Baltara Station,2019-09-25,46.18,25.68,86.62,46.48,-0.006454
STN_KOS_02,Kosi Baltara Station,2019-09-26,46.26,25.68,86.62,46.18,0.001732
STN_KOS_02,Kosi Baltara Station,2019-09-27,46.03,25.68,86.62,46.26,-0.004972
STN_KOS_02,Kosi Baltara Station,2019-09-28,46.47,25.68,86.62,46.03,0.009559
STN_KOS_02,Kosi Baltara Station,2019-09-29,46.47,25.68,86.62,46.47,0.0
STN_KOS_02,Kosi Baltara Station,2019-09-30,46.19,25.68,86.62,46.47,-0.006025
STN_KOS_02,Kosi Baltara Station,2019-10-01,46.11,25.68,86.62,46.19,-0.001732
STN_KOS_02,Kosi Baltara Station,2019-10-02,46.32,25.68,86.62,46.11,0.004554
STN_KOS_02,Kosi Baltara Station,2019-10-03,46.15,25.68,86.62,46.32,-0.00367
STN_KOS_02,Kosi Baltara Station,2019-10-04,45.87,25.68,86.62,46.15,-0.006067
STN_KOS_02,Kosi Baltara Station,2019-10-05,46.02,25.68,86.62,45.87,0.00327
STN_KOS_02,Kosi Baltara Station,2019-10-06,46.16,25.68,86.62,46.02,0.003042
STN_KOS_02,Kosi Baltara Station,2019-10-07,46.01,25.68,86.62,46.16,-0.00325
STN_KOS_02,Kosi Baltara Station,2019-10-08,45.87,25.68,86.62,46.01,-0.003043
STN_KOS_02,Kosi Baltara Station,2019-10-09,46.01,25.68,86.62,45.87,0.003052
STN_KOS_02,Kosi Baltara Station,2019-10-10,45.49,25.68,86.62,46.01,-0.011302
STN_KOS_02,Kosi Baltara Station,2019-10-11,44.97,25.68,86.62,45.49,-0.011431
STN_KOS_02,Kosi Baltara Station,2019-10-12,44.74,25.68,86.62,44.97,-0.005115
STN_KOS_02,Kosi Baltara Station,2019-10-13,44.7,25.68,86.62,44.74,-0.000894
STN_KOS_02,Kosi Baltara Station,2019-10-14,44.87,25.68,86.62,44.7,0.003803
STN_KOS_02,Kosi Baltara Station,2019-10-15,45.51,25.68,86.62,44.87,0.014263
STN_KOS_02,Kosi Baltara Station,2019-10-16,45.91,25.68,86.62,45.51,0.008789
STN_KOS_02,Kosi Baltara Station,2019-10-17,45.89,25.68,86.62,45.91,-0.000436
STN_KOS_02,Kosi Baltara Station,2019-10-18,45.94,25.68,86.62,45.89,0.00109
STN_KOS_02,Kosi Baltara Station,2019-10-19,45.58,25.68,86.62,45.94,-0.007836
STN_KOS_02,Kosi Baltara Station,2019-10-20,45.63,25.68,86.62,45.58,0.001097
STN_KOS_02,Kosi Baltara Station,2019-10-21,45.56,25.68,86.62,45.63,-0.001534
STN_KOS_02,Kosi Baltara Station,2019-10-22,45.74,25.68,86.62,45.56,0.003951
STN_KOS_02,Kosi Baltara Station,2019-10-23,45.46,25.68,86.62,45.74,-0.006122
STN_KOS_02,Kosi Baltara Station,2019-10-24,45.72,25.68,86.62,45.46,0.005719
STN_KOS_02,Kosi Baltara Station,2019-10-25,46.38,25.68,86.62,45.72,0.014436
STN_KOS_02,Kosi Baltara Station,2019-10-26,46.39,25.68,86.62,46.38,0.000216
STN_KOS_02,Kosi Baltara Station,2019-10-27,46.6,25.68,86.62,46.39,0.004527
STN_KOS_02,Kosi Baltara Station,2019-10-28,46.92,25.68,86.62,46.6,0.006867
STN_KOS_02,Kosi Baltara Station,2019-10-29,46.81,25.68,86.62,46.92,-0.002344
STN_KOS_02,Kosi Baltara Station,2019-10-30,46.95,25.68,86.62,46.81,0.002991
STN_KOS_02,Kosi Baltara Station,2019-10-31,47.01,25.68,86.62,46.95,0.001278
