station_id,station_name,date,water_level_m,latitude,longitude
STN_KOS_01,Kosi Barrage Birpur,2019-05-01,45.25,26.52,86.93
STN_KOS_01,Kosi Barrage Birpur,2019-05-02,45.24,26.52,86.93
STN_KOS_01,Kosi Barrage Birpur,2019-05-03,45.55,26.52,86.93
STN_KOS_01,Kosi Barrage Birpur,2019-05-04,46.21,26.52,86.93
STN_KOS_01,Kosi Barrage Birpur,2019-05-05,46.17,26.52,86.93
STN_KOS_01,Kosi Barrage Birpur,2019-05-06,46.12,26.52,86.93
STN_KOS_01,Kosi Barrage Birpur,2019-05-07,46.81,26.52,86.93
STN_KOS_01,Kosi Barrage Birpur,2019-05-08,47.16,26.52,86.93
STN_KOS_01,Kosi Barrage Birpur,2019-05-09,47.03,26.52,86.93
STN_KOS_01,Kosi Barrage Birpur,2019-05-10,47.29,26.52,86.93
STN_KOS_01,Kosi Barrage Birpur,2019-05-11,47.16,26.52,86.93
STN_KOS_01,Kosi Barrage Birpur,2019-05-12,47.02,26.52,86.93
STN_KOS_01,Kosi Barrage Birpur,2019-05-13,47.17,26.52,86.93
STN_KOS_01,Kosi Barrage Birpur,2019-05-14,46.45,26.52,86.93
STN_KOS_01,Kosi Barrage Birpur,2019-05-15,45.81,26.52,86.93
STN_KOS_01,Kosi Barrage Birpur,2019-05-16,45.64,26.52,86.93
STN_KOS_01,Kosi Barrage Birpur,2019-05-17,45.28,26.52,86.93
STN_KOS_01,Kosi Barrage Birpur,2019-05-18,45.46,26.52,86.93
STN_KOS_01,Kosi Barrage Birpur,2019-05-19,45.14,26.52,86.93
STN_KOS_01,Kosi Barrage Birpur,2019-05-20,44.63,26.52,86.93
STN_KOS_01,Kosi Barrage Birpur,2019-05-21,45.27,26.52,86.93
STN_KOS_01,Kosi Barrage Birpur,2019-05-22,45.23,26.52,86.93
STN_KOS_01,Kosi Barrage Birpur,2019-05-23,45.3,26.52,86.93
STN_KOS_01,Kosi Barrage Birpur,2019-05-24,44.78,26.52,86.93
STN_KOS_01,Kosi Barrage Birpur,2019-05-25,44.61,26.52,86.93
STN_KOS_01,Kosi Barrage Birpur,2019-05-26,44.71,26.52,86.93
STN_KOS_01,Kosi Barrage Birpur,2019-05-27,44.3,26.52,86.93
STN_KOS_01,Kosi Barrage Birpur,2019-05-28,44.5,26.52,86.93
STN_KOS_01,Kosi Barrage Birpur,2019-05-29,44.31,26.52,86.93
STN_KOS_01,Kosi Barrage Birpur,2019-05-30,44.24,26.52,86.93
STN_KOS_01,Kosi Barrage Birpur,2019-05-31,44.05,26.52,86.93
STN_KOS_01,Kosi Barrage Birpur,2019-06-01,44.84,26.52,86.93
STN_KOS_01,Kosi Barrage Birpur,2019-06-02,44.89,26.52,86.93
STN_KOS_01,Kosi Barrage Birpur,2019-06-03,44.51,26.52,86.93
STN_KOS_01,Kosi Barrage Birpur,2019-06-04,44.89,26.52,86.93
STN_KOS_01,Kosi Barrage Birpur,2019-06-05,44.45,26.52,86.93
STN_KOS_01,Kosi Barrage Birpur,2019-06-06,44.59,26.52,86.93
STN_KOS_01,Kosi Barrage Birpur,2019-06-07,43.85,26.52,86.93
STN_KOS_01,Kosi Barrage Birpur,2019-06-08,43.37,26.52,86.93
STN_KOS_01,Kosi Barrage Birpur,2019-06-09,43.5,26.52,86.93
STN_KOS_01,Kosi Barrage Birpur,2019-06-10,43.85,26.52,86.93
STN_KOS_01,Kosi Barrage Birpur,2019-06-11,43.97,26.52,86.93
STN_KOS_01,Kosi Barrage Birpur,2019-06-12,43.97,26.52,86.93
STN_KOS_01,Kosi Barrage Birpur,2019-06-13,43.9,26.52,86.93
STN_KOS_01,Kosi Barrage Birpur,2019-06-14,43.36,26.52,86.93
STN_KOS_01,Kosi Barrage Birpur,2019-06-15,43.12,26.52,86.93
STN_KOS_01,Kosi Barrage Birpur,2019-06-16,42.99,26.52,86.93
STN_KOS_01,Kosi Barrage Birpur,2019-06-17,43.46,26.52,86.93
STN_KOS_01,Kosi Barrage Birpur,2019-06-18,43.65,26.52,86.93
STN_KOS_01,Kosi Barrage Birpur,2019-06-19,42.99,26.52,86.93
STN_KOS_01,Kosi Barrage Birpur,2019-06-20,43.17,26.52,86.93
STN_KOS_01,Kosi Barrage Birpur,2019-06-21,43.07,26.52,86.93
STN_KOS_01,Kosi Barrage Birpur,2019-06-22,42.85,26.52,86.93
STN_KOS_01,Kosi Barrage Birpur,2019-06-23,43.14,26.52,86.93
STN_KOS_01,Kosi Barrage Birpur,2019-06-24,43.6,26.52,86.93
STN_KOS_01,Kosi Barrage Birpur,2019-06-25,44.02,26.52,86.93
STN_KOS_01,Kosi Barrage Birpur,2019-06-26,43.74,26.52,86.93
STN_KOS_01,Kosi Barrage Birpur,2019-06-27,43.67,26.52,86.93
STN_KOS_01,Kosi Barrage Birpur,2019-06-28,43.85,26.52,86.93
STN_KOS_01,Kosi Barrage Birpur,2019-06-29,44.29,26.52,86.93
STN_KOS_01,Kosi Barrage Birpur,2019-06-30,44.15,26.52,86.93
STN_KOS_01,Kosi Barrage Birpur,2019-07-01,44.12,26.52,86.93
STN_KOS_01,Kosi Barrage Birpur,2019-07-02,43.73,26.52,86.93
STN_KOS_01,Kosi Barrage Birpur,2019-07-03,43.3,26.52,86.93
STN_KOS_01,Kosi Barrage Birpur,2019-07-04,43.68,26.52,86.93
STN_KOS_01,Kosi Barrage Birpur,2019-07-05,44.27,26.52,86.93
STN_KOS_01,Kosi Barrage Birpur,2019-07-06,44.29,26.52,86.93
STN_KOS_01,Kosi Barrage Birpur,2019-07-07,44.74,26.52,86.93
STN_KOS_01,Kosi Barrage Birpur,2019-07-08,44.94,26.52,86.93
STN_KOS_01,Kosi Barrage Birpur,2019-07-09,44.73,26.52,86.93
STN_KOS_01,Kosi Barrage Birpur,2019-07-10,44.92,26.52,86.93
STN_KOS_01,Kosi Barrage Birpur,2019-07-11,45.59,26.52,86.93
STN_KOS_01,Kosi Barrage Birpur,2019-07-12,45.62,26.52,86.93
STN_KOS_01,Kosi Barrage Birpur,2019-07-13,46.3,26.52,86.93
STN_KOS_01,Kosi Barrage Birpur,2019-07-14,45.3,26.52,86.93
STN_KOS_01,Kosi Barrage Birpur,2019-07-15,45.68,26.52,86.93
STN_KOS_01,Kosi Barrage Birpur,2019-07-16,45.77,26.52,86.93
STN_KOS_01,Kosi Barrage Birpur,2019-07-17,45.7,26.52,86.93
STN_KOS_01,Kosi Barrage Birpur,2019-07-18,45.78,26.52,86.93
STN_KOS_01,Kosi Barrage Birpur,2019-07-19,45.04,26.52,86.93
STN_KOS_01,Kosi Barrage Birpur,2019-07-20,45.0,26.52,86.93
STN_KOS_01,Kosi Barrage Birpur,2019-07-21,45.19,26.52,86.93
STN_KOS_01,Kosi Barrage Birpur,2019-07-22,45.83,26.52,86.93
STN_KOS_01,Kosi Barrage Birpur,2019-07-23,45.68,26.52,86.93
STN_KOS_01,Kosi Barrage Birpur,2019-07-24,45.4,26.52,86.93
STN_KOS_01,Kosi Barrage Birpur,2019-07-25,45.25,26.52,86.93
STN_KOS_01,Kosi Barrage Birpur,2019-07-26,45.67,26.52,86.93
STN_KOS_01,Kosi Barrage Birpur,2019-07-27,45.85,26.52,86.93
STN_KOS_01,Kosi Barrage Birpur,2019-07-28,45.69,26.52,86.93
STN_KOS_01,Kosi Barrage Birpur,2019-07-29,45.94,26.52,86.93
STN_KOS_01,Kosi Barrage Birpur,2019-07-30,46.03,26.52,86.93
STN_KOS_01,Kosi Barrage Birpur,2019-07-31,46.47,26.52,86.93
STN_KOS_01,Kosi Barrage Birpur,2019-08-01,46.24,26.52,86.93
STN_KOS_01,Kosi Barrage Birpur,2019-08-02,46.16,26.52,86.93
STN_KOS_01,Kosi Barrage Birpur,2019-08-03,46.05,26.52,86.93
STN_KOS_01,Kosi Barrage Birpur,2019-08-04,45.52,26.52,86.93
STN_KOS_01,Kosi Barrage Birpur,2019-08-05,45.68,26.52,86.93
STN_KOS_01,Kosi Barrage Birpur,2019-08-06,45.84,26.52,86.93
STN_KOS_01,Kosi Barrage Birpur,2019-08-07,45.89,26.52,86.93
STN_KOS_01,Kosi Barrage Birpur,2019-08-08,45.85,26.52,86.93
STN_KOS_01,Kosi Barrage Birpur,2019-08-09,45.33,26.52,86.93
STN_KOS_01,Kosi Barrage Birpur,2019-08-10,45.21,26.52,86.93
STN_KOS_01,Kosi Barrage Birpur,2019-08-11,45.12,26.52,86.93
STN_KOS_01,Kosi Barrage Birpur,2019-08-12,44.85,26.52,86.93
STN_KOS_01,Kosi Barrage Birpur,2019-08-13,44.84,26.52,86.93
STN_KOS_01,Kosi Barrage Birpur,2019-08-14,45.05,26.52,86.93
STN_KOS_01,Kosi Barrage Birpur,2019-08-15,45.86,26.52,86.93
STN_KOS_01,Kosi Barrage Birpur,2019-08-16,45.98,26.52,86.93
STN_KOS_01,Kosi Barrage Birpur,2019-08-17,46.13,26.52,86.93
STN_KOS_01,Kosi Barrage Birpur,2019-08-18,46.15,26.52,86.93
STN_KOS_01,Kosi Barrage Birpur,2019-08-19,45.43,26.52,86.93
STN_KOS_01,Kosi Barrage Birpur,2019-08-20,45.47,26.52,86.93
STN_KOS_01,Kosi Barrage Birpur,2019-08-21,45.54,26.52,86.93
STN_KOS_01,Kosi Barrage Birpur,2019-08-22,46.58,26.52,86.93
STN_KOS_01,Kosi Barrage Birpur,2019-08-23,46.55,26.52,86.93
STN_KOS_01,Kosi Barrage Birpur,2019-08-24,46.72,26.52,86.93
STN_KOS_01,Kosi Barrage Birpur,2019-08-25,46.76,26.52,86.93
STN_KOS_01,Kosi Barrage Birpur,2019-08-26,46.34,26.52,86.93
STN_KOS_01,Kosi Barrage Birpur,2019-08-27,46.85,26.52,86.93
STN_KOS_01,Kosi Barrage Birpur,2019-08-28,47.2,26.52,86.93
STN_KOS_01,Kosi Barrage Birpur,2019-08-29,47.57,26.52,86.93
STN_KOS_01,Kosi Barrage Birpur,2019-08-30,47.25,26.52,86.93
STN_KOS_01,Kosi Barrage Birpur,2019-08-31,47.86,26.52,86.93
STN_KOS_01,Kosi Barrage Birpur,2019-09-01,47.35,26.52,86.93
STN_KOS_01,Kosi Barrage Birpur,2019-09-02,47.64,26.52,86.93
STN_KOS_01,Kosi Barrage Birpur,2019-09-03,48.56,26.52,86.93
STN_KOS_01,Kosi Barrage Birpur,2019-09-04,48.22,26.52,86.93
STN_KOS_01,Kosi Barrage Birpur,2019-09-05,48.04,26.52,86.93
STN_KOS_01,Kosi Barrage Birpur,2019-09-06,48.13,26.52,86.93
STN_KOS_01,Kosi Barrage Birpur,2019-09-07,47.98,26.52,86.93
STN_KOS_01,Kosi Barrage Birpur,2019-09-08,47.41,26.52,86.93
STN_KOS_01,Kosi Barrage Birpur,2019-09-09,47.49,26.52,86.93
STN_KOS_01,Kosi Barrage Birpur,2019-09-10,47.11,26.52,86.93
STN_KOS_01,Kosi Barrage Birpur,2019-09-11,47.35,26.52,86.93
STN_KOS_01,Kosi Barrage Birpur,2019-09-12,47.03,26.52,86.93
STN_KOS_01,Kosi Barrage Birpur,2019-09-13,47.7,26.52,86.93
STN_KOS_01,Kosi Barrage Birpur,2019-09-14,47.44,26.52,86.93
STN_KOS_01,Kosi Barrage Birpur,2019-09-15,47.36,26.52,86.93
STN_KOS_01,Kosi Barrage Birpur,2019-09-16,47.74,26.52,86.93
STN_KOS_01,Kosi Barrage Birpur,2019-09-17,47.29,26.52,86.93
STN_KOS_01,Kosi Barrage Birpur,2019-09-18,47.44,26.52,86.93
STN_KOS_01,Kosi Barrage Birpur,2019-09-19,48.01,26.52,86.93
STN_KOS_01,Kosi Barrage Birpur,2019-09-20,47.42,26.52,86.93
STN_KOS_01,Kosi Barrage Birpur,2019-09-21,47.54,26.52,86.93
STN_KOS_01,Kosi Barrage Birpur,2019-09-22,47.69,26.52,86.93
STN_KOS_01,Kosi Barrage Birpur,2019-09-23,48.06,26.52,86.93
STN_KOS_01,Kosi Barrage Birpur,2019-09-24,47.61,26.52,86.93
STN_KOS_01,Kosi Barrage Birpur,2019-09-25,47.13,26.52,86.93
STN_KOS_01,Kosi Barrage Birpur,2019-09-26,47.39,26.52,86.93
STN_KOS_01,Kosi Barrage Birpur,2019-09-27,47.56,26.52,86.93
STN_KOS_01,Kosi Barrage Birpur,2019-09-28,47.71,26.52,86.93
STN_KOS_01,Kosi Barrage Birpur,2019-09-29,47.9,26.52,86.93
STN_KOS_01,Kosi Barrage Birpur,2019-09-30,47.68,26.52,86.93
STN_KOS_01,Kosi Barrage Birpur,2019-10-01,47.82,26.52,86.93
STN_KOS_01,Kosi Barrage Birpur,2019-10-02,47.99,26.52,86.93
STN_KOS_01,Kosi Barrage Birpur,2019-10-03,47.75,26.52,86.93
STN_KOS_01,Kosi Barrage Birpur,2019-10-04,48.55,26.52,86.93
STN_KOS_01,Kosi Barrage Birpur,2019-10-05,48.79,26.52,86.93
STN_KOS_01,Kosi Barrage Birpur,2019-10-06,48.36,26.52,86.93
STN_KOS_01,Kosi Barrage Birpur,2019-10-07,48.67,26.52,86.93
STN_KOS_01,Kosi Barrage Birpur,2019-10-08,48.33,26.52,86.93
STN_KOS_01,Kosi Barrage Birpur,2019-10-09,48.7,26.52,86.93
STN_KOS_01,Kosi Barrage Birpur,2019-10-10,49.21,26.52,86.93
STN_KOS_01,Kosi Barrage Birpur,2019-10-11,48.93,26.52,86.93
STN_KOS_01,Kosi Barrage Birpur,2019-10-12,49.37,26.52,86.93
STN_KOS_01,Kosi Barrage Birpur,2019-10-13,49.58,26.52,86.93
STN_KOS_01,Kosi Barrage Birpur,2019-10-14,49.96,26.52,86.93
STN_KOS_01,Kosi Barrage Birpur,2019-10-15,50.77,26.52,86.93
STN_KOS_01,Kosi Barrage Birpur,2019-10-16,50.72,26.52,86.93
STN_KOS_01,Kosi Barrage Birpur,2019-10-17,50.47,26.52,86.93
STN_KOS_01,Kosi Barrage Birpur,2019-10-18,50.17,26.52,86.93
STN_KOS_01,Kosi Barrage Birpur,2019-10-19,49.89,26.52,86.93
STN_KOS_01,Kosi Barrage Birpur,2019-10-20,49.91,26.52,86.93
STN_KOS_01,Kosi Barrage Birpur,2019-10-21,50.1,26.52,86.93
STN_KOS_01,Kosi Barrage Birpur,2019-10-22,50.26,26.52,86.93
STN_KOS_01,Kosi Barrage Birpur,2019-10-23,50.64,26.52,86.93
STN_KOS_01,Kosi Barrage Birpur,2019-10-24,50.69,26.52,86.93
STN_KOS_01,Kosi Barrage Birpur,2019-10-25,51.32,26.52,86.93
STN_KOS_01,Kosi Barrage Birpur,2019-10-26,51.27,26.52,86.93
STN_KOS_01,Kosi Barrage Birpur,2019-10-27,52.41,26.52,86.93
STN_KOS_01,Kosi Barrage Birpur,2019-10-28,52.71,26.52,86.93
STN_KOS_01,Kosi Barrage Birpur,2019-10-29,52.41,26.52,86.93
STN_KOS_01,Kosi Barrage Birpur,2019-10-30,52.03,26.52,86.93
STN_KOS_01,Kosi Barrage Birpur,2019-10-31,52.28,26.52,86.93
STN_KOS_02,Kosi Baltara Station,2019-05-01,34.46,25.68,86.62
STN_KOS_02,Kosi Baltara Station,2019-05-02,34.8,25.68,86.62
STN_KOS_02,Kosi Baltara Station,2019-05-03,35.04,25.68,86.62
STN_KOS_02,Kosi Baltara Station,2019-05-04,35.06,25.68,86.62
STN_KOS_02,Kosi Baltara Station,2019-05-05,34.77,25.68,86.62
STN_KOS_02,Kosi Baltara Station,2019-05-06,34.21,25.68,86.62
STN_KOS_02,Kosi Baltara Station,2019-05-07,34.08,25.68,86.62
STN_KOS_02,Kosi Baltara Station,2019-05-08,34.48,25.68,86.62
STN_KOS_02,Kosi Baltara Station,2019-05-09,34.61,25.68,86.62
STN_KOS_02,Kosi Baltara Station,2019-05-10,34.16,25.68,86.62
STN_KOS_02,Kosi Baltara Station,2019-05-11,34.28,25.68,86.62
STN_KOS_02,Kosi Baltara Station,2019-05-12,34.49,25.68,86.62
STN_KOS_02,Kosi Baltara Station,2019-05-13,34.18,25.68,86.62
STN_KOS_02,Kosi Baltara Station,2019-05-14,34.29,25.68,86.62
STN_KOS_02,Kosi Baltara Station,2019-05-15,34.37,25.68,86.62
STN_KOS_02,Kosi Baltara Station,2019-05-16,33.96,25.68,86.62
STN_KOS_02,Kosi Baltara Station,2019-05-17,34.15,25.68,86.62
STN_KOS_02,Kosi Baltara Station,2019-05-18,34.43,25.68,86.62
STN_KOS_02,Kosi Baltara Station,2019-05-19,34.91,25.68,86.62
STN_KOS_02,Kosi Baltara Station,2019-05-20,35.38,25.68,86.62
STN_KOS_02,Kosi Baltara Station,2019-05-21,34.88,25.68,86.62
STN_KOS_02,Kosi Baltara Station,2019-05-22,34.56,25.68,86.62
STN_KOS_02,Kosi Baltara Station,2019-05-23,34.81,25.68,86.62
STN_KOS_02,Kosi Baltara Station,2019-05-24,35.07,25.68,86.62
STN_KOS_02,Kosi Baltara Station,2019-05-25,35.32,25.68,86.62
STN_KOS_02,Kosi Baltara Station,2019-05-26,36.92,25.68,86.62
STN_KOS_02,Kosi Baltara Station,2019-05-27,37.19,25.68,86.62
STN_KOS_02,Kosi Baltara Station,2019-05-28,37.7,25.68,86.62
STN_KOS_02,Kosi Baltara Station,2019-05-29,38.13,25.68,86.62
STN_KOS_02,Kosi Baltara Station,2019-05-30,38.44,25.68,86.62
STN_KOS_02,Kosi Baltara Station,2019-05-31,38.36,25.68,86.62
STN_KOS_02,Kosi Baltara Station,2019-06-01,38.72,25.68,86.62
STN_KOS_02,Kosi Baltara Station,2019-06-02,38.46,25.68,86.62
STN_KOS_02,Kosi Baltara Station,2019-06-03,38.41,25.68,86.62
STN_KOS_02,Kosi Baltara Station,2019-06-04,38.27,25.68,86.62
STN_KOS_02,Kosi Baltara Station,2019-06-05,38.35,25.68,86.62
STN_KOS_02,Kosi Baltara Station,2019-06-06,39.33,25.68,86.62
STN_KOS_02,Kosi Baltara Station,2019-06-07,38.63,25.68,86.62
STN_KOS_02,Kosi Baltara Station,2019-06-08,38.96,25.68,86.62
STN_KOS_02,Kosi Baltara Station,2019-06-09,38.36,25.68,86.62
STN_KOS_02,Kosi Baltara Station,2019-06-10,38.22,25.68,86.62
STN_KOS_02,Kosi Baltara Station,2019-06-11,38.71,25.68,86.62
STN_KOS_02,Kosi Baltara Station,2019-06-12,38.78,25.68,86.62
STN_KOS_02,Kosi Baltara Station,2019-06-13,38.4,25.68,86.62
STN_KOS_02,Kosi Baltara Station,2019-06-14,38.17,25.68,86.62
STN_KOS_02,Kosi Baltara Station,2019-06-15,38.49,25.68,86.62
STN_KOS_02,Kosi Baltara Station,2019-06-16,38.25,25.68,86.62
STN_KOS_02,Kosi Baltara Station,2019-06-17,38.38,25.68,86.62
STN_KOS_02,Kosi Baltara Station,2019-06-18,38.45,25.68,86.62
STN_KOS_02,Kosi Baltara Station,2019-06-19,38.24,25.68,86.62
STN_KOS_02,Kosi Baltara Station,2019-06-20,39.15,25.68,86.62
STN_KOS_02,Kosi Baltara Station,2019-06-21,39.45,25.68,86.62
STN_KOS_02,Kosi Baltara Station,2019-06-22,38.69,25.68,86.62
STN_KOS_02,Kosi Baltara Station,2019-06-23,38.82,25.68,86.62
STN_KOS_02,Kosi Baltara Station,2019-06-24,38.6,25.68,86.62
STN_KOS_02,Kosi Baltara Station,2019-06-25,38.99,25.68,86.62
STN_KOS_02,Kosi Baltara Station,2019-06-26,38.72,25.68,86.62
STN_KOS_02,Kosi Baltara Station,2019-06-27,38.73,25.68,86.62
STN_KOS_02,Kosi Baltara Station,2019-06-28,38.98,25.68,86.62
STN_KOS_02,Kosi Baltara Station,2019-06-29,39.38,25.68,86.62
STN_KOS_02,Kosi Baltara Station,2019-06-30,38.95,25.68,86.62
STN_KOS_02,Kosi Baltara Station,2019-07-01,38.86,25.68,86.62
STN_KOS_02,Kosi Baltara Station,2019-07-02,38.72,25.68,86.62
STN_KOS_02,Kosi Baltara Station,2019-07-03,38.51,25.68,86.62
STN_KOS_02,Kosi Baltara Station,2019-07-04,39.27,25.68,86.62
STN_KOS_02,Kosi Baltara Station,2019-07-05,39.48,25.68,86.62
STN_KOS_02,Kosi Baltara Station,2019-07-06,39.03,25.68,86.62
STN_KOS_02,Kosi Baltara Station,2019-07-07,39.44,25.68,86.62
STN_KOS_02,Kosi Baltara Station,2019-07-08,40.34,25.68,86.62
STN_KOS_02,Kosi Baltara Station,2019-07-09,40.8,25.68,86.62
STN_KOS_02,Kosi Baltara Station,2019-07-10,40.25,25.68,86.62
STN_KOS_02,Kosi Baltara Station,2019-07-11,40.1,25.68,86.62
STN_KOS_02,Kosi Baltara Station,2019-07-12,40.66,25.68,86.62
STN_KOS_02,Kosi Baltara Station,2019-07-13,40.43,25.68,86.62
STN_KOS_02,Kosi Baltara Station,2019-07-14,40.65,25.68,86.62
STN_KOS_02,Kosi Baltara Station,2019-07-15,41.01,25.68,86.62
STN_KOS_02,Kosi Baltara Station,2019-07-16,40.69,25.68,86.62
STN_KOS_02,Kosi Baltara Station,2019-07-17,40.72,25.68,86.62
STN_KOS_02,Kosi Baltara Station,2019-07-18,39.47,25.68,86.62
STN_KOS_02,Kosi Baltara Station,2019-07-19,39.11,25.68,86.62
STN_KOS_02,Kosi Baltara Station,2019-07-20,39.06,25.68,86.62
STN_KOS_02,Kosi Baltara Station,2019-07-21,38.61,25.68,86.62
STN_KOS_02,Kosi Baltara Station,2019-07-22,39.32,25.68,86.62
STN_KOS_02,Kosi Baltara Station,2019-07-23,38.79,25.68,86.62
STN_KOS_02,Kosi Baltara Station,2019-07-24,38.67,25.68,86.62
STN_KOS_02,Kosi Baltara Station,2019-07-25,38.77,25.68,86.62
STN_KOS_02,Kosi Baltara Station,2019-07-26,39.4,25.68,86.62
STN_KOS_02,Kosi Baltara Station,2019-07-27,38.87,25.68,86.62
STN_KOS_02,Kosi Baltara Station,2019-07-28,39.39,25.68,86.62
STN_KOS_02,Kosi Baltara Station,2019-07-29,39.44,25.68,86.62
STN_KOS_02,Kosi Baltara Station,2019-07-30,39.1,25.68,86.62
STN_KOS_02,Kosi Baltara Station,2019-07-31,39.33,25.68,86.62
STN_KOS_02,Kosi Baltara Station,2019-08-01,39.46,25.68,86.62
STN_KOS_02,Kosi Baltara Station,2019-08-02,39.27,25.68,86.62
STN_KOS_02,Kosi Baltara Station,2019-08-03,39.35,25.68,86.62
STN_KOS_02,Kosi Baltara Station,2019-08-04,39.25,25.68,86.62
STN_KOS_02,Kosi Baltara Station,2019-08-05,39.34,25.68,86.62
STN_KOS_02,Kosi Baltara Station,2019-08-06,39.66,25.68,86.62
STN_KOS_02,Kosi Baltara Station,2019-08-07,40.34,25.68,86.62
STN_KOS_02,Kosi Baltara Station,2019-08-08,39.9,25.68,86.62
STN_KOS_02,Kosi Baltara Station,2019-08-09,40.8,25.68,86.62
STN_KOS_02,Kosi Baltara Station,2019-08-10,40.07,25.68,86.62
STN_KOS_02,Kosi Baltara Station,2019-08-11,40.06,25.68,86.62
STN_KOS_02,Kosi Baltara Station,2019-08-12,40.34,25.68,86.62
STN_KOS_02,Kosi Baltara Station,2019-08-13,40.51,25.68,86.62
STN_KOS_02,Kosi Baltara Station,2019-08-14,40.31,25.68,86.62
STN_KOS_02,Kosi Baltara Station,2019-08-15,40.27,25.68,86.62
STN_KOS_02,Kosi Baltara Station,2019-08-16,40.13,25.68,86.62
STN_KOS_02,Kosi Baltara Station,2019-08-17,39.94,25.68,86.62
STN_KOS_02,Kosi Baltara Station,2019-08-18,40.33,25.68,86.62
STN_KOS_02,Kosi Baltara Station,2019-08-19,40.52,25.68,86.62
STN_KOS_02,Kosi Baltara Station,2019-08-20,40.3,25.68,86.62
STN_KOS_02,Kosi Baltara Station,2019-08-21,40.71,25.68,86.62
STN_KOS_02,Kosi Baltara Station,2019-08-22,40.88,25.68,86.62
STN_KOS_02,Kosi Baltara Station,2019-08-23,41.25,25.68,86.62
STN_KOS_02,Kosi Baltara Station,2019-08-24,41.56,25.68,86.62
STN_KOS_02,Kosi Baltara Station,2019-08-25,41.27,25.68,86.62
STN_KOS_02,Kosi Baltara Station,2019-08-26,41.1,25.68,86.62
STN_KOS_02,Kosi Baltara Station,2019-08-27,41.45,25.68,86.62
STN_KOS_02,Kosi Baltara Station,2019-08-28,41.74,25.68,86.62
STN_KOS_02,Kosi Baltara Station,2019-08-29,41.79,25.68,86.62
STN_KOS_02,Kosi Baltara Station,2019-08-30,41.88,25.68,86.62
STN_KOS_02,Kosi Baltara Station,2019-08-31,42.44,25.68,86.62
STN_KOS_02,Kosi Baltara Station,2019-09-01,42.26,25.68,86.62
STN_KOS_02,Kosi Baltara Station,2019-09-02,42.53,25.68,86.62
STN_KOS_02,Kosi Baltara Station,2019-09-03,42.49,25.68,86.62
STN_KOS_02,Kosi Baltara Station,2019-09-04,42.46,25.68,86.62
STN_KOS_02,Kosi Baltara Station,2019-09-05,42.95,25.68,86.62
STN_KOS_02,Kosi Baltara Station,2019-09-06,43.33,25.68,86.62
STN_KOS_02,Kosi Baltara Station,2019-09-07,43.7,25.68,86.62
STN_KOS_02,Kosi Baltara Station,2019-09-08,44.27,25.68,86.62
STN_KOS_02,Kosi Baltara Station,2019-09-09,44.33,25.68,86.62
STN_KOS_02,Kosi Baltara Station,2019-09-10,44.66,25.68,86.62
STN_KOS_02,Kosi Baltara Station,2019-09-11,44.58,25.68,86.62
STN_KOS_02,Kosi Baltara Station,2019-09-12,44.76,25.68,86.62
STN_KOS_02,Kosi Baltara Station,2019-09-13,44.76,25.68,86.62
STN_KOS_02,Kosi Baltara Station,2019-09-14,44.85,25.68,86.62
STN_KOS_02,Kosi Baltara Station,2019-09-15,45.14,25.68,86.62
STN_KOS_02,Kosi Baltara Station,2019-09-16,44.86,25.68,86.62
STN_KOS_02,Kosi Baltara Station,2019-09-17,45.75,25.68,86.62
STN_KOS_02,Kosi Baltara Station,2019-09-18,45.39,25.68,86.62
STN_KOS_02,Kosi Baltara Station,2019-09-19,44.96,25.68,86.62
STN_KOS_02,Kosi Baltara Station,2019-09-20,45.47,25.68,86.62
STN_KOS_02,Kosi Baltara Station,2019-09-21,45.84,25.68,86.62
STN_KOS_02,Kosi Baltara Station,2019-09-22,46.14,25.68,86.62
STN_KOS_02,Kosi Baltara Station,2019-09-23,46.44,25.68,86.62
STN_KOS_02,Kosi Baltara Station,2019-09-24,46.48,25.68,86.62
STN_KOS_02,Kosi Baltara Station,2019-09-25,46.18,25.68,86.62
STN_KOS_02,Kosi Baltara Station,2019-09-26,46.26,25.68,86.62
STN_KOS_02,Kosi Baltara Station,2019-09-27,46.03,25.68,86.62
STN_KOS_02,Kosi Baltara Station,2019-09-28,46.47,25.68,86.62
STN_KOS_02,Kosi Baltara Station,2019-09-29,46.47,25.68,86.62
STN_KOS_02,Kosi Baltara Station,2019-09-30,46.19,25.68,86.62
STN_KOS_02,Kosi Baltara Station,2019-10-01,46.11,25.68,86.62
STN_KOS_02,Kosi Baltara Station,2019-10-02,46.32,25.68,86.62
STN_KOS_02,Kosi Baltara Station,2019-10-03,46.15,25.68,86.62
STN_KOS_02,Kosi Baltara Station,2019-10-04,45.87,25.68,86.62
STN_KOS_02,Kosi Baltara Station,2019-10-05,46.02,25.68,86.62
STN_KOS_02,Kosi Baltara Station,2019-10-06,46.16,25.68,86.62
STN_KOS_02,Kosi Baltara Station,2019-10-07,46.01,25.68,86.62
STN_KOS_02,Kosi Baltara Station,2019-10-08,45.87,25.68,86.62
STN_KOS_02,Kosi Baltara Station,2019-10-09,46.01,25.68,86.62
STN_KOS_02,Kosi Baltara Station,2019-10-10,45.49,25.68,86.62
STN_KOS_02,Kosi Baltara Station,2019-10-11,44.97,25.68,86.62
STN_KOS_02,Kosi Baltara Station,2019-10-12,44.74,25.68,86.62
STN_KOS_02,Kosi Baltara Station,2019-10-13,44.7,25.68,86.62
STN_KOS_02,Kosi Baltara Station,2019-10-14,44.87,25.68,86.62
STN_KOS_02,Kosi Baltara Station,2019-10-15,45.51,25.68,86.62
STN_KOS_02,Kosi Baltara Station,2019-10-16,45.91,25.68,86.62
STN_KOS_02,Kosi Baltara Station,2019-10-17,45.89,25.68,86.62
STN_KOS_02,Kosi Baltara Station,2019-10-18,45.94,25.68,86.62
STN_KOS_02,Kosi Baltara Station,2019-10-19,45.58,25.68,86.62
STN_KOS_02,Kosi Baltara Station,2019-10-20,45.63,25.68,86.62
STN_KOS_02,Kosi Baltara Station,2019-10-21,45.56,25.68,86.62
STN_KOS_02,Kosi Baltara Station,2019-10-22,45.74,25.68,86.62
STN_KOS_02,Kosi Baltara Station,2019-10-23,45.46,25.68,86.62
STN_KOS_02,Kosi Baltara Station,2019-10-24,45.72,25.68,86.62
STN_KOS_02,Kosi Baltara Station,2019-10-25,46.38,25.68,86.62
STN_KOS_02,Kosi Baltara Station,2019-10-26,46.39,25.68,86.62
STN_KOS_02,Kosi Baltara Station,2019-10-27,46.6,25.68,86.62
STN_KOS_02,Kosi Baltara Station,2019-10-28,46.92,25.68,86.62
STN_KOS_02,Kosi Baltara Station,2019-10-29,46.81,25.68,86.62
STN_KOS_02,Kosi Baltara Station,2019-10-30,46.95,25.68,86.62
STN_KOS_02,Kosi Baltara Station,2019-10-31,47.01,25.68,86.62
STN_GAN_01,Gandak Valmikinagar Barrage,2019-05-01,60.09,27.43,83.91
STN_GAN_01,Gandak Valmikinagar Barrage,2019-05-02,59.83,27.43,83.91
STN_GAN_01,Gandak Valmikinagar Barrage,2019-05-03,59.89,27.43,83.91
STN_GAN_01,Gandak Valmikinagar Barrage,2019-05-04,60.14,27.43,83.91
STN_GAN_01,Gandak Valmikinagar Barrage,2019-05-05,60.77,27.43,83.91
STN_GAN_01,Gandak Valmikinagar Barrage,2019-05-06,61.2,27.43,83.91
STN_GAN_01,Gandak Valmikinagar Barrage,2019-05-07,62.11,27.43,83.91
STN_GAN_01,Gandak Valmikinagar Barrage,2019-05-08,61.86,27.43,83.91
STN_GAN_01,Gandak Valmikinagar Barrage,2019-05-09,62.26,27.43,83.91
STN_GAN_01,Gandak Valmikinagar Barrage,2019-05-10,62.38,27.43,83.91
STN_GAN_01,Gandak Valmikinagar Barrage,2019-05-11,63.31,27.43,83.91
STN_GAN_01,Gandak Valmikinagar Barrage,2019-05-12,63.03,27.43,83.91
STN_GAN_01,Gandak Valmikinagar Barrage,2019-05-13,62.75,27.43,83.91
STN_GAN_01,Gandak Valmikinagar Barrage,2019-05-14,62.56,27.43,83.91
STN_GAN_01,Gandak Valmikinagar Barrage,2019-05-15,61.76,27.43,83.91
STN_GAN_01,Gandak Valmikinagar Barrage,2019-05-16,61.6,27.43,83.91
STN_GAN_01,Gandak Valmikinagar Barrage,2019-05-17,61.34,27.43,83.91
STN_GAN_01,Gandak Valmikinagar Barrage,2019-05-18,61.45,27.43,83.91
STN_GAN_01,Gandak Valmikinagar Barrage,2019-05-19,61.64,27.43,83.91
STN_GAN_01,Gandak Valmikinagar Barrage,2019-05-20,62.44,27.43,83.91
STN_GAN_01,Gandak Valmikinagar Barrage,2019-05-21,62.87,27.43,83.91
STN_GAN_01,Gandak Valmikinagar Barrage,2019-05-22,62.69,27.43,83.91
STN_GAN_01,Gandak Valmikinagar Barrage,2019-05-23,62.38,27.43,83.91
STN_GAN_01,Gandak Valmikinagar Barrage,2019-05-24,62.63,27.43,83.91
STN_GAN_01,Gandak Valmikinagar Barrage,2019-05-25,62.15,27.43,83.91
STN_GAN_01,Gandak Valmikinagar Barrage,2019-05-26,62.93,27.43,83.91
STN_GAN_01,Gandak Valmikinagar Barrage,2019-05-27,63.45,27.43,83.91
STN_GAN_01,Gandak Valmikinagar Barrage,2019-05-28,63.32,27.43,83.91
STN_GAN_01,Gandak Valmikinagar Barrage,2019-05-29,62.68,27.43,83.91
STN_GAN_01,Gandak Valmikinagar Barrage,2019-05-30,63.27,27.43,83.91
STN_GAN_01,Gandak Valmikinagar Barrage,2019-05-31,63.28,27.43,83.91
STN_GAN_01,Gandak Valmikinagar Barrage,2019-06-01,63.82,27.43,83.91
STN_GAN_01,Gandak Valmikinagar Barrage,2019-06-02,63.23,27.43,83.91
STN_GAN_01,Gandak Valmikinagar Barrage,2019-06-03,63.04,27.43,83.91
STN_GAN_01,Gandak Valmikinagar Barrage,2019-06-04,63.1,27.43,83.91
STN_GAN_01,Gandak Valmikinagar Barrage,2019-06-05,63.16,27.43,83.91
STN_GAN_01,Gandak Valmikinagar Barrage,2019-06-06,63.03,27.43,83.91
STN_GAN_01,Gandak Valmikinagar Barrage,2019-06-07,63.33,27.43,83.91
STN_GAN_01,Gandak Valmikinagar Barrage,2019-06-08,62.96,27.43,83.91
STN_GAN_01,Gandak Valmikinagar Barrage,2019-06-09,62.95,27.43,83.91
STN_GAN_01,Gandak Valmikinagar Barrage,2019-06-10,63.05,27.43,83.91
STN_GAN_01,Gandak Valmikinagar Barrage,2019-06-11,63.3,27.43,83.91
STN_GAN_01,Gandak Valmikinagar Barrage,2019-06-12,63.64,27.43,83.91
STN_GAN_01,Gandak Valmikinagar Barrage,2019-06-13,63.24,27.43,83.91
STN_GAN_01,Gandak Valmikinagar Barrage,2019-06-14,62.67,27.43,83.91
STN_GAN_01,Gandak Valmikinagar Barrage,2019-06-15,63.24,27.43,83.91
STN_GAN_01,Gandak Valmikinagar Barrage,2019-06-16,63.42,27.43,83.91
STN_GAN_01,Gandak Valmikinagar Barrage,2019-06-17,63.17,27.43,83.91
STN_GAN_01,Gandak Valmikinagar Barrage,2019-06-18,63.84,27.43,83.91
STN_GAN_01,Gandak Valmikinagar Barrage,2019-06-19,63.94,27.43,83.91
STN_GAN_01,Gandak Valmikinagar Barrage,2019-06-20,64.46,27.43,83.91
STN_GAN_01,Gandak Valmikinagar Barrage,2019-06-21,64.53,27.43,83.91
STN_GAN_01,Gandak Valmikinagar Barrage,2019-06-22,65.41,27.43,83.91
STN_GAN_01,Gandak Valmikinagar Barrage,2019-06-23,66.16,27.43,83.91
STN_GAN_01,Gandak Valmikinagar Barrage,2019-06-24,66.11,27.43,83.91
STN_GAN_01,Gandak Valmikinagar Barrage,2019-06-25,66.55,27.43,83.91
STN_GAN_01,Gandak Valmikinagar Barrage,2019-06-26,66.86,27.43,83.91
STN_GAN_01,Gandak Valmikinagar Barrage,2019-06-27,67.46,27.43,83.91
STN_GAN_01,Gandak Valmikinagar Barrage,2019-06-28,67.12,27.43,83.91
STN_GAN_01,Gandak Valmikinagar Barrage,2019-06-29,67.44,27.43,83.91
STN_GAN_01,Gandak Valmikinagar Barrage,2019-06-30,67.92,27.43,83.91
STN_GAN_01,Gandak Valmikinagar Barrage,2019-07-01,67.26,27.43,83.91
STN_GAN_01,Gandak Valmikinagar Barrage,2019-07-02,66.84,27.43,83.91
STN_GAN_01,Gandak Valmikinagar Barrage,2019-07-03,66.08,27.43,83.91
STN_GAN_01,Gandak Valmikinagar Barrage,2019-07-04,66.02,27.43,83.91
STN_GAN_01,Gandak Valmikinagar Barrage,2019-07-05,66.35,27.43,83.91
STN_GAN_01,Gandak Valmikinagar Barrage,2019-07-06,67.01,27.43,83.91
STN_GAN_01,Gandak Valmikinagar Barrage,2019-07-07,67.09,27.43,83.91
STN_GAN_01,Gandak Valmikinagar Barrage,2019-07-08,67.79,27.43,83.91
STN_GAN_01,Gandak Valmikinagar Barrage,2019-07-09,67.28,27.43,83.91
STN_GAN_01,Gandak Valmikinagar Barrage,2019-07-10,66.65,27.43,83.91
STN_GAN_01,Gandak Valmikinagar Barrage,2019-07-11,66.68,27.43,83.91
STN_GAN_01,Gandak Valmikinagar Barrage,2019-07-12,66.88,27.43,83.91
STN_GAN_01,Gandak Valmikinagar Barrage,2019-07-13,66.92,27.43,83.91
STN_GAN_01,Gandak Valmikinagar Barrage,2019-07-14,66.14,27.43,83.91
STN_GAN_01,Gandak Valmikinagar Barrage,2019-07-15,66.16,27.43,83.91
STN_GAN_01,Gandak Valmikinagar Barrage,2019-07-16,65.69,27.43,83.91
STN_GAN_01,Gandak Valmikinagar Barrage,2019-07-17,66.01,27.43,83.91
STN_GAN_01,Gandak Valmikinagar Barrage,2019-07-18,66.2,27.43,83.91
STN_GAN_01,Gandak Valmikinagar Barrage,2019-07-19,65.88,27.43,83.91
STN_GAN_01,Gandak Valmikinagar Barrage,2019-07-20,65.72,27.43,83.91
STN_GAN_01,Gandak Valmikinagar Barrage,2019-07-21,65.35,27.43,83.91
STN_GAN_01,Gandak Valmikinagar Barrage,2019-07-22,65.37,27.43,83.91
STN_GAN_01,Gandak Valmikinagar Barrage,2019-07-23,65.8,27.43,83.91
STN_GAN_01,Gandak Valmikinagar Barrage,2019-07-24,65.46,27.43,83.91
STN_GAN_01,Gandak Valmikinagar Barrage,2019-07-25,65.71,27.43,83.91
STN_GAN_01,Gandak Valmikinagar Barrage,2019-07-26,65.55,27.43,83.91
STN_GAN_01,Gandak Valmikinagar Barrage,2019-07-27,65.28,27.43,83.91
STN_GAN_01,Gandak Valmikinagar Barrage,2019-07-28,65.29,27.43,83.91
STN_GAN_01,Gandak Valmikinagar Barrage,2019-07-29,64.92,27.43,83.91
STN_GAN_01,Gandak Valmikinagar Barrage,2019-07-30,64.75,27.43,83.91
STN_GAN_01,Gandak Valmikinagar Barrage,2019-07-31,64.32,27.43,83.91
STN_GAN_01,Gandak Valmikinagar Barrage,2019-08-01,65.16,27.43,83.91
STN_GAN_01,Gandak Valmikinagar Barrage,2019-08-02,65.22,27.43,83.91
STN_GAN_01,Gandak Valmikinagar Barrage,2019-08-03,64.99,27.43,83.91
STN_GAN_01,Gandak Valmikinagar Barrage,2019-08-04,65.13,27.43,83.91
STN_GAN_01,Gandak Valmikinagar Barrage,2019-08-05,65.13,27.43,83.91
STN_GAN_01,Gandak Valmikinagar Barrage,2019-08-06,65.1,27.43,83.91
STN_GAN_01,Gandak Valmikinagar Barrage,2019-08-07,65.39,27.43,83.91
STN_GAN_01,Gandak Valmikinagar Barrage,2019-08-08,65.75,27.43,83.91
STN_GAN_01,Gandak Valmikinagar Barrage,2019-08-09,65.58,27.43,83.91
STN_GAN_01,Gandak Valmikinagar Barrage,2019-08-10,65.4,27.43,83.91
STN_GAN_01,Gandak Valmikinagar Barrage,2019-08-11,65.34,27.43,83.91
STN_GAN_01,Gandak Valmikinagar Barrage,2019-08-12,64.47,27.43,83.91
STN_GAN_01,Gandak Valmikinagar Barrage,2019-08-13,63.92,27.43,83.91
STN_GAN_01,Gandak Valmikinagar Barrage,2019-08-14,64.51,27.43,83.91
STN_GAN_01,Gandak Valmikinagar Barrage,2019-08-15,65.22,27.43,83.91
STN_GAN_01,Gandak Valmikinagar Barrage,2019-08-16,65.17,27.43,83.91
STN_GAN_01,Gandak Valmikinagar Barrage,2019-08-17,65.45,27.43,83.91
STN_GAN_01,Gandak Valmikinagar Barrage,2019-08-18,65.63,27.43,83.91
STN_GAN_01,Gandak Valmikinagar Barrage,2019-08-19,66.91,27.43,83.91
STN_GAN_01,Gandak Valmikinagar Barrage,2019-08-20,67.41,27.43,83.91
STN_GAN_01,Gandak Valmikinagar Barrage,2019-08-21,67.4,27.43,83.91
STN_GAN_01,Gandak Valmikinagar Barrage,2019-08-22,67.07,27.43,83.91
STN_GAN_01,Gandak Valmikinagar Barrage,2019-08-23,66.48,27.43,83.91
STN_GAN_01,Gandak Valmikinagar Barrage,2019-08-24,66.61,27.43,83.91
STN_GAN_01,Gandak Valmikinagar Barrage,2019-08-25,66.36,27.43,83.91
STN_GAN_01,Gandak Valmikinagar Barrage,2019-08-26,65.84,27.43,83.91
STN_GAN_01,Gandak Valmikinagar Barrage,2019-08-27,65.63,27.43,83.91
STN_GAN_01,Gandak Valmikinagar Barrage,2019-08-28,65.25,27.43,83.91
STN_GAN_01,Gandak Valmikinagar Barrage,2019-08-29,65.97,27.43,83.91
STN_GAN_01,Gandak Valmikinagar Barrage,2019-08-30,66.38,27.43,83.91
STN_GAN_01,Gandak Valmikinagar Barrage,2019-08-31,66.42,27.43,83.91
STN_GAN_01,Gandak Valmikinagar Barrage,2019-09-01,67.06,27.43,83.91
STN_GAN_01,Gandak Valmikinagar Barrage,2019-09-02,67.15,27.43,83.91
STN_GAN_01,Gandak Valmikinagar Barrage,2019-09-03,66.85,27.43,83.91
STN_GAN_01,Gandak Valmikinagar Barrage,2019-09-04,67.51,27.43,83.91
STN_GAN_01,Gandak Valmikinagar Barrage,2019-09-05,67.78,27.43,83.91
STN_GAN_01,Gandak Valmikinagar Barrage,2019-09-06,67.41,27.43,83.91
STN_GAN_01,Gandak Valmikinagar Barrage,2019-09-07,67.38,27.43,83.91
STN_GAN_01,Gandak Valmikinagar Barrage,2019-09-08,67.08,27.43,83.91
STN_GAN_01,Gandak Valmikinagar Barrage,2019-09-09,66.58,27.43,83.91
STN_GAN_01,Gandak Valmikinagar Barrage,2019-09-10,67.0,27.43,83.91
STN_GAN_01,Gandak Valmikinagar Barrage,2019-09-11,67.82,27.43,83.91
STN_GAN_01,Gandak Valmikinagar Barrage,2019-09-12,67.31,27.43,83.91
STN_GAN_01,Gandak Valmikinagar Barrage,2019-09-13,67.58,27.43,83.91
STN_GAN_01,Gandak Valmikinagar Barrage,2019-09-14,67.37,27.43,83.91
STN_GAN_01,Gandak Valmikinagar Barrage,2019-09-15,67.23,27.43,83.91
STN_GAN_01,Gandak Valmikinagar Barrage,2019-09-16,67.04,27.43,83.91
STN_GAN_01,Gandak Valmikinagar Barrage,2019-09-17,66.74,27.43,83.91
STN_GAN_01,Gandak Valmikinagar Barrage,2019-09-18,66.81,27.43,83.91
STN_GAN_01,Gandak Valmikinagar Barrage,2019-09-19,66.53,27.43,83.91
STN_GAN_01,Gandak Valmikinagar Barrage,2019-09-20,66.69,27.43,83.91
STN_GAN_01,Gandak Valmikinagar Barrage,2019-09-21,66.72,27.43,83.91
STN_GAN_01,Gandak Valmikinagar Barrage,2019-09-22,66.67,27.43,83.91
STN_GAN_01,Gandak Valmikinagar Barrage,2019-09-23,66.36,27.43,83.91
STN_GAN_01,Gandak Valmikinagar Barrage,2019-09-24,66.18,27.43,83.91
STN_GAN_01,Gandak Valmikinagar Barrage,2019-09-25,66.53,27.43,83.91
STN_GAN_01,Gandak Valmikinagar Barrage,2019-09-26,66.78,27.43,83.91
STN_GAN_01,Gandak Valmikinagar Barrage,2019-09-27,66.44,27.43,83.91
STN_GAN_01,Gandak Valmikinagar Barrage,2019-09-28,66.53,27.43,83.91
STN_GAN_01,Gandak Valmikinagar Barrage,2019-09-29,66.88,27.43,83.91
STN_GAN_01,Gandak Valmikinagar Barrage,2019-09-30,66.26,27.43,83.91
STN_GAN_01,Gandak Valmikinagar Barrage,2019-10-01,66.53,27.43,83.91
STN_GAN_01,Gandak Valmikinagar Barrage,2019-10-02,66.32,27.43,83.91
STN_GAN_01,Gandak Valmikinagar Barrage,2019-10-03,66.59,27.43,83.91
STN_GAN_01,Gandak Valmikinagar Barrage,2019-10-04,66.34,27.43,83.91
STN_GAN_01,Gandak Valmikinagar Barrage,2019-10-05,65.67,27.43,83.91
STN_GAN_01,Gandak Valmikinagar Barrage,2019-10-06,65.07,27.43,83.91
STN_GAN_01,Gandak Valmikinagar Barrage,2019-10-07,65.13,27.43,83.91
STN_GAN_01,Gandak Valmikinagar Barrage,2019-10-08,65.29,27.43,83.91
STN_GAN_01,Gandak Valmikinagar Barrage,2019-10-09,64.98,27.43,83.91
STN_GAN_01,Gandak Valmikinagar Barrage,2019-10-10,65.28,27.43,83.91
STN_GAN_01,Gandak Valmikinagar Barrage,2019-10-11,64.67,27.43,83.91
STN_GAN_01,Gandak Valmikinagar Barrage,2019-10-12,64.69,27.43,83.91
STN_GAN_01,Gandak Valmikinagar Barrage,2019-10-13,64.26,27.43,83.91
STN_GAN_01,Gandak Valmikinagar Barrage,2019-10-14,64.05,27.43,83.91
STN_GAN_01,Gandak Valmikinagar Barrage,2019-10-15,64.12,27.43,83.91
STN_GAN_01,Gandak Valmikinagar Barrage,2019-10-16,63.82,27.43,83.91
STN_GAN_01,Gandak Valmikinagar Barrage,2019-10-17,63.72,27.43,83.91
STN_GAN_01,Gandak Valmikinagar Barrage,2019-10-18,64.17,27.43,83.91
STN_GAN_01,Gandak Valmikinagar Barrage,2019-10-19,63.99,27.43,83.91
STN_GAN_01,Gandak Valmikinagar Barrage,2019-10-20,64.37,27.43,83.91
STN_GAN_01,Gandak Valmikinagar Barrage,2019-10-21,63.97,27.43,83.91
STN_GAN_01,Gandak Valmikinagar Barrage,2019-10-22,64.23,27.43,83.91
STN_GAN_01,Gandak Valmikinagar Barrage,2019-10-23,64.86,27.43,83.91
STN_GAN_01,Gandak Valmikinagar Barrage,2019-10-24,63.92,27.43,83.91
STN_GAN_01,Gandak Valmikinagar Barrage,2019-10-25,63.65,27.43,83.91
STN_GAN_01,Gandak Valmikinagar Barrage,2019-10-26,63.93,27.43,83.91
STN_GAN_01,Gandak Valmikinagar Barrage,2019-10-27,63.9,27.43,83.91
STN_GAN_01,Gandak Valmikinagar Barrage,2019-10-28,64.1,27.43,83.91
STN_GAN_01,Gandak Valmikinagar Barrage,2019-10-29,63.91,27.43,83.91
STN_GAN_01,Gandak Valmikinagar Barrage,2019-10-30,63.99,27.43,83.91
STN_GAN_01,Gandak Valmikinagar Barrage,2019-10-31,63.98,27.43,83.91
STN_GAN_02,Gandak Rewaghat Station,2019-05-01,50.72,25.98,85.22
STN_GAN_02,Gandak Rewaghat Station,2019-05-02,50.87,25.98,85.22
STN_GAN_02,Gandak Rewaghat Station,2019-05-03,51.05,25.98,85.22
STN_GAN_02,Gandak Rewaghat Station,2019-05-04,50.94,25.98,85.22
STN_GAN_02,Gandak Rewaghat Station,2019-05-05,50.79,25.98,85.22
STN_GAN_02,Gandak Rewaghat Station,2019-05-06,50.67,25.98,85.22
STN_GAN_02,Gandak Rewaghat Station,2019-05-07,50.88,25.98,85.22
STN_GAN_02,Gandak Rewaghat Station,2019-05-08,50.76,25.98,85.22
STN_GAN_02,Gandak Rewaghat Station,2019-05-09,50.93,25.98,85.22
STN_GAN_02,Gandak Rewaghat Station,2019-05-10,51.81,25.98,85.22
STN_GAN_02,Gandak Rewaghat Station,2019-05-11,52.21,25.98,85.22
STN_GAN_02,Gandak Rewaghat Station,2019-05-12,52.12,25.98,85.22
STN_GAN_02,Gandak Rewaghat Station,2019-05-13,52.66,25.98,85.22
STN_GAN_02,Gandak Rewaghat Station,2019-05-14,52.54,25.98,85.22
STN_GAN_02,Gandak Rewaghat Station,2019-05-15,51.78,25.98,85.22
STN_GAN_02,Gandak Rewaghat Station,2019-05-16,51.42,25.98,85.22
STN_GAN_02,Gandak Rewaghat Station,2019-05-17,50.73,25.98,85.22
STN_GAN_02,Gandak Rewaghat Station,2019-05-18,50.63,25.98,85.22
STN_GAN_02,Gandak Rewaghat Station,2019-05-19,50.69,25.98,85.22
STN_GAN_02,Gandak Rewaghat Station,2019-05-20,51.41,25.98,85.22
STN_GAN_02,Gandak Rewaghat Station,2019-05-21,51.59,25.98,85.22
STN_GAN_02,Gandak Rewaghat Station,2019-05-22,51.56,25.98,85.22
STN_GAN_02,Gandak Rewaghat Station,2019-05-23,51.94,25.98,85.22
STN_GAN_02,Gandak Rewaghat Station,2019-05-24,51.1,25.98,85.22
STN_GAN_02,Gandak Rewaghat Station,2019-05-25,51.25,25.98,85.22
STN_GAN_02,Gandak Rewaghat Station,2019-05-26,51.61,25.98,85.22
STN_GAN_02,Gandak Rewaghat Station,2019-05-27,51.06,25.98,85.22
STN_GAN_02,Gandak Rewaghat Station,2019-05-28,51.57,25.98,85.22
STN_GAN_02,Gandak Rewaghat Station,2019-05-29,51.76,25.98,85.22
STN_GAN_02,Gandak Rewaghat Station,2019-05-30,51.64,25.98,85.22
STN_GAN_02,Gandak Rewaghat Station,2019-05-31,51.94,25.98,85.22
STN_GAN_02,Gandak Rewaghat Station,2019-06-01,52.9,25.98,85.22
STN_GAN_02,Gandak Rewaghat Station,2019-06-02,53.02,25.98,85.22
STN_GAN_02,Gandak Rewaghat Station,2019-06-03,53.17,25.98,85.22
STN_GAN_02,Gandak Rewaghat Station,2019-06-04,53.04,25.98,85.22
STN_GAN_02,Gandak Rewaghat Station,2019-06-05,52.75,25.98,85.22
STN_GAN_02,Gandak Rewaghat Station,2019-06-06,53.13,25.98,85.22
STN_GAN_02,Gandak Rewaghat Station,2019-06-07,52.84,25.98,85.22
STN_GAN_02,Gandak Rewaghat Station,2019-06-08,52.92,25.98,85.22
STN_GAN_02,Gandak Rewaghat Station,2019-06-09,52.78,25.98,85.22
STN_GAN_02,Gandak Rewaghat Station,2019-06-10,53.02,25.98,85.22
STN_GAN_02,Gandak Rewaghat Station,2019-06-11,53.2,25.98,85.22
STN_GAN_02,Gandak Rewaghat Station,2019-06-12,53.67,25.98,85.22
STN_GAN_02,Gandak Rewaghat Station,2019-06-13,53.51,25.98,85.22
STN_GAN_02,Gandak Rewaghat Station,2019-06-14,53.46,25.98,85.22
STN_GAN_02,Gandak Rewaghat Station,2019-06-15,53.11,25.98,85.22
STN_GAN_02,Gandak Rewaghat Station,2019-06-16,52.99,25.98,85.22
STN_GAN_02,Gandak Rewaghat Station,2019-06-17,53.19,25.98,85.22
STN_GAN_02,Gandak Rewaghat Station,2019-06-18,53.54,25.98,85.22
STN_GAN_02,Gandak Rewaghat Station,2019-06-19,53.22,25.98,85.22
STN_GAN_02,Gandak Rewaghat Station,2019-06-20,53.62,25.98,85.22
STN_GAN_02,Gandak Rewaghat Station,2019-06-21,54.21,25.98,85.22
STN_GAN_02,Gandak Rewaghat Station,2019-06-22,54.43,25.98,85.22
STN_GAN_02,Gandak Rewaghat Station,2019-06-23,55.23,25.98,85.22
STN_GAN_02,Gandak Rewaghat Station,2019-06-24,54.97,25.98,85.22
STN_GAN_02,Gandak Rewaghat Station,2019-06-25,54.52,25.98,85.22
STN_GAN_02,Gandak Rewaghat Station,2019-06-26,53.86,25.98,85.22
STN_GAN_02,Gandak Rewaghat Station,2019-06-27,54.51,25.98,85.22
STN_GAN_02,Gandak Rewaghat Station,2019-06-28,54.82,25.98,85.22
STN_GAN_02,Gandak Rewaghat Station,2019-06-29,54.85,25.98,85.22
STN_GAN_02,Gandak Rewaghat Station,2019-06-30,55.01,25.98,85.22
STN_GAN_02,Gandak Rewaghat Station,2019-07-01,54.61,25.98,85.22
STN_GAN_02,Gandak Rewaghat Station,2019-07-02,55.64,25.98,85.22
STN_GAN_02,Gandak Rewaghat Station,2019-07-03,55.74,25.98,85.22
STN_GAN_02,Gandak Rewaghat Station,2019-07-04,55.83,25.98,85.22
STN_GAN_02,Gandak Rewaghat Station,2019-07-05,56.17,25.98,85.22
STN_GAN_02,Gandak Rewaghat Station,2019-07-06,56.42,25.98,85.22
STN_GAN_02,Gandak Rewaghat Station,2019-07-07,56.55,25.98,85.22
STN_GAN_02,Gandak Rewaghat Station,2019-07-08,56.29,25.98,85.22
STN_GAN_02,Gandak Rewaghat Station,2019-07-09,56.53,25.98,85.22
STN_GAN_02,Gandak Rewaghat Station,2019-07-10,57.33,25.98,85.22
STN_GAN_02,Gandak Rewaghat Station,2019-07-11,57.92,25.98,85.22
STN_GAN_02,Gandak Rewaghat Station,2019-07-12,58.61,25.98,85.22
STN_GAN_02,Gandak Rewaghat Station,2019-07-13,58.45,25.98,85.22
STN_GAN_02,Gandak Rewaghat Station,2019-07-14,58.1,25.98,85.22
STN_GAN_02,Gandak Rewaghat Station,2019-07-15,58.1,25.98,85.22
STN_GAN_02,Gandak Rewaghat Station,2019-07-16,58.18,25.98,85.22
STN_GAN_02,Gandak Rewaghat Station,2019-07-17,58.66,25.98,85.22
STN_GAN_02,Gandak Rewaghat Station,2019-07-18,58.04,25.98,85.22
STN_GAN_02,Gandak Rewaghat Station,2019-07-19,58.7,25.98,85.22
STN_GAN_02,Gandak Rewaghat Station,2019-07-20,58.69,25.98,85.22
STN_GAN_02,Gandak Rewaghat Station,2019-07-21,58.57,25.98,85.22
STN_GAN_02,Gandak Rewaghat Station,2019-07-22,58.21,25.98,85.22
STN_GAN_02,Gandak Rewaghat Station,2019-07-23,57.6,25.98,85.22
STN_GAN_02,Gandak Rewaghat Station,2019-07-24,57.98,25.98,85.22
STN_GAN_02,Gandak Rewaghat Station,2019-07-25,58.06,25.98,85.22
STN_GAN_02,Gandak Rewaghat Station,2019-07-26,57.59,25.98,85.22
STN_GAN_02,Gandak Rewaghat Station,2019-07-27,57.12,25.98,85.22
STN_GAN_02,Gandak Rewaghat Station,2019-07-28,57.04,25.98,85.22
STN_GAN_02,Gandak Rewaghat Station,2019-07-29,57.76,25.98,85.22
STN_GAN_02,Gandak Rewaghat Station,2019-07-30,57.7,25.98,85.22
STN_GAN_02,Gandak Rewaghat Station,2019-07-31,57.15,25.98,85.22
STN_GAN_02,Gandak Rewaghat Station,2019-08-01,57.1,25.98,85.22
STN_GAN_02,Gandak Rewaghat Station,2019-08-02,57.04,25.98,85.22
STN_GAN_02,Gandak Rewaghat Station,2019-08-03,56.02,25.98,85.22
STN_GAN_02,Gandak Rewaghat Station,2019-08-04,56.04,25.98,85.22
STN_GAN_02,Gandak Rewaghat Station,2019-08-05,56.0,25.98,85.22
STN_GAN_02,Gandak Rewaghat Station,2019-08-06,56.33,25.98,85.22
STN_GAN_02,Gandak Rewaghat Station,2019-08-07,57.12,25.98,85.22
STN_GAN_02,Gandak Rewaghat Station,2019-08-08,57.62,25.98,85.22
STN_GAN_02,Gandak Rewaghat Station,2019-08-09,57.56,25.98,85.22
STN_GAN_02,Gandak Rewaghat Station,2019-08-10,57.17,25.98,85.22
STN_GAN_02,Gandak Rewaghat Station,2019-08-11,58.25,25.98,85.22
STN_GAN_02,Gandak Rewaghat Station,2019-08-12,58.32,25.98,85.22
STN_GAN_02,Gandak Rewaghat Station,2019-08-13,58.38,25.98,85.22
STN_GAN_02,Gandak Rewaghat Station,2019-08-14,58.42,25.98,85.22
STN_GAN_02,Gandak Rewaghat Station,2019-08-15,58.55,25.98,85.22
STN_GAN_02,Gandak Rewaghat Station,2019-08-16,58.54,25.98,85.22
STN_GAN_02,Gandak Rewaghat Station,2019-08-17,58.36,25.98,85.22
STN_GAN_02,Gandak Rewaghat Station,2019-08-18,58.19,25.98,85.22
STN_GAN_02,Gandak Rewaghat Station,2019-08-19,58.23,25.98,85.22
STN_GAN_02,Gandak Rewaghat Station,2019-08-20,58.06,25.98,85.22
STN_GAN_02,Gandak Rewaghat Station,2019-08-21,57.83,25.98,85.22
STN_GAN_02,Gandak Rewaghat Station,2019-08-22,57.92,25.98,85.22
STN_GAN_02,Gandak Rewaghat Station,2019-08-23,57.87,25.98,85.22
STN_GAN_02,Gandak Rewaghat Station,2019-08-24,58.52,25.98,85.22
STN_GAN_02,Gandak Rewaghat Station,2019-08-25,57.51,25.98,85.22
STN_GAN_02,Gandak Rewaghat Station,2019-08-26,57.99,25.98,85.22
STN_GAN_02,Gandak Rewaghat Station,2019-08-27,58.54,25.98,85.22
STN_GAN_02,Gandak Rewaghat Station,2019-08-28,57.76,25.98,85.22
STN_GAN_02,Gandak Rewaghat Station,2019-08-29,57.68,25.98,85.22
STN_GAN_02,Gandak Rewaghat Station,2019-08-30,57.58,25.98,85.22
STN_GAN_02,Gandak Rewaghat Station,2019-08-31,57.07,25.98,85.22
STN_GAN_02,Gandak Rewaghat Station,2019-09-01,56.8,25.98,85.22
STN_GAN_02,Gandak Rewaghat Station,2019-09-02,56.41,25.98,85.22
STN_GAN_02,Gandak Rewaghat Station,2019-09-03,57.16,25.98,85.22
STN_GAN_02,Gandak Rewaghat Station,2019-09-04,57.58,25.98,85.22
STN_GAN_02,Gandak Rewaghat Station,2019-09-05,58.14,25.98,85.22
STN_GAN_02,Gandak Rewaghat Station,2019-09-06,58.48,25.98,85.22
STN_GAN_02,Gandak Rewaghat Station,2019-09-07,58.08,25.98,85.22
STN_GAN_02,Gandak Rewaghat Station,2019-09-08,57.92,25.98,85.22
STN_GAN_02,Gandak Rewaghat Station,2019-09-09,58.17,25.98,85.22
STN_GAN_02,Gandak Rewaghat Station,2019-09-10,57.73,25.98,85.22
STN_GAN_02,Gandak Rewaghat Station,2019-09-11,58.06,25.98,85.22
STN_GAN_02,Gandak Rewaghat Station,2019-09-12,58.02,25.98,85.22
STN_GAN_02,Gandak Rewaghat Station,2019-09-13,57.92,25.98,85.22
STN_GAN_02,Gandak Rewaghat Station,2019-09-14,58.25,25.98,85.22
STN_GAN_02,Gandak Rewaghat Station,2019-09-15,58.48,25.98,85.22
STN_GAN_02,Gandak Rewaghat Station,2019-09-16,58.38,25.98,85.22
STN_GAN_02,Gandak Rewaghat Station,2019-09-17,58.9,25.98,85.22
STN_GAN_02,Gandak Rewaghat Station,2019-09-18,58.52,25.98,85.22
STN_GAN_02,Gandak Rewaghat Station,2019-09-19,58.81,25.98,85.22
STN_GAN_02,Gandak Rewaghat Station,2019-09-20,59.1,25.98,85.22
STN_GAN_02,Gandak Rewaghat Station,2019-09-21,59.03,25.98,85.22
STN_GAN_02,Gandak Rewaghat Station,2019-09-22,59.21,25.98,85.22
STN_GAN_02,Gandak Rewaghat Station,2019-09-23,58.76,25.98,85.22
STN_GAN_02,Gandak Rewaghat Station,2019-09-24,59.18,25.98,85.22
STN_GAN_02,Gandak Rewaghat Station,2019-09-25,59.15,25.98,85.22
STN_GAN_02,Gandak Rewaghat Station,2019-09-26,58.99,25.98,85.22
STN_GAN_02,Gandak Rewaghat Station,2019-09-27,59.46,25.98,85.22
STN_GAN_02,Gandak Rewaghat Station,2019-09-28,59.23,25.98,85.22
STN_GAN_02,Gandak Rewaghat Station,2019-09-29,58.72,25.98,85.22
STN_GAN_02,Gandak Rewaghat Station,2019-09-30,58.14,25.98,85.22
STN_GAN_02,Gandak Rewaghat Station,2019-10-01,58.44,25.98,85.22
STN_GAN_02,Gandak Rewaghat Station,2019-10-02,57.97,25.98,85.22
STN_GAN_02,Gandak Rewaghat Station,2019-10-03,58.73,25.98,85.22
STN_GAN_02,Gandak Rewaghat Station,2019-10-04,57.94,25.98,85.22
STN_GAN_02,Gandak Rewaghat Station,2019-10-05,58.67,25.98,85.22
STN_GAN_02,Gandak Rewaghat Station,2019-10-06,58.81,25.98,85.22
STN_GAN_02,Gandak Rewaghat Station,2019-10-07,58.82,25.98,85.22
STN_GAN_02,Gandak Rewaghat Station,2019-10-08,58.65,25.98,85.22
STN_GAN_02,Gandak Rewaghat Station,2019-10-09,58.86,25.98,85.22
STN_GAN_02,Gandak Rewaghat Station,2019-10-10,58.89,25.98,85.22
STN_GAN_02,Gandak Rewaghat Station,2019-10-11,59.39,25.98,85.22
STN_GAN_02,Gandak Rewaghat Station,2019-10-12,59.48,25.98,85.22
STN_GAN_02,Gandak Rewaghat Station,2019-10-13,59.59,25.98,85.22
STN_GAN_02,Gandak Rewaghat Station,2019-10-14,59.5,25.98,85.22
STN_GAN_02,Gandak Rewaghat Station,2019-10-15,59.52,25.98,85.22
STN_GAN_02,Gandak Rewaghat Station,2019-10-16,59.7,25.98,85.22
STN_GAN_02,Gandak Rewaghat Station,2019-10-17,59.06,25.98,85.22
STN_GAN_02,Gandak Rewaghat Station,2019-10-18,58.57,25.98,85.22
STN_GAN_02,Gandak Rewaghat Station,2019-10-19,58.92,25.98,85.22
STN_GAN_02,Gandak Rewaghat Station,2019-10-20,59.04,25.98,85.22
STN_GAN_02,Gandak Rewaghat Station,2019-10-21,59.02,25.98,85.22
STN_GAN_02,Gandak Rewaghat Station,2019-10-22,59.07,25.98,85.22
STN_GAN_02,Gandak Rewaghat Station,2019-10-23,59.26,25.98,85.22
STN_GAN_02,Gandak Rewaghat Station,2019-10-24,59.1,25.98,85.22
STN_GAN_02,Gandak Rewaghat Station,2019-10-25,58.83,25.98,85.22
STN_GAN_02,Gandak Rewaghat Station,2019-10-26,58.96,25.98,85.22
STN_GAN_02,Gandak Rewaghat Station,2019-10-27,58.62,25.98,85.22
STN_GAN_02,Gandak Rewaghat Station,2019-10-28,58.83,25.98,85.22
STN_GAN_02,Gandak Rewaghat Station,2019-10-29,58.2,25.98,85.22
STN_GAN_02,Gandak Rewaghat Station,2019-10-30,58.67,25.98,85.22
STN_GAN_02,Gandak Rewaghat Station,2019-10-31,58.9,25.98,85.22
STN_GNG_01,Ganga Patna Gandhighat,2019-05-01,48.75,25.61,85.13
STN_GNG_01,Ganga Patna Gandhighat,2019-05-02,49.2,25.61,85.13
STN_GNG_01,Ganga Patna Gandhighat,2019-05-03,49.91,25.61,85.13
STN_GNG_01,Ganga Patna Gandhighat,2019-05-04,50.37,25.61,85.13
STN_GNG_01,Ganga Patna Gandhighat,2019-05-05,49.68,25.61,85.13
STN_GNG_01,Ganga Patna Gandhighat,2019-05-06,49.22,25.61,85.13
STN_GNG_01,Ganga Patna Gandhighat,2019-05-07,49.02,25.61,85.13
STN_GNG_01,Ganga Patna Gandhighat,2019-05-08,49.08,25.61,85.13
STN_GNG_01,Ganga Patna Gandhighat,2019-05-09,49.34,25.61,85.13
STN_GNG_01,Ganga Patna Gandhighat,2019-05-10,49.1,25.61,85.13
STN_GNG_01,Ganga Patna Gandhighat,2019-05-11,49.22,25.61,85.13
STN_GNG_01,Ganga Patna Gandhighat,2019-05-12,48.97,25.61,85.13
STN_GNG_01,Ganga Patna Gandhighat,2019-05-13,48.77,25.61,85.13
STN_GNG_01,Ganga Patna Gandhighat,2019-05-14,48.26,25.61,85.13
STN_GNG_01,Ganga Patna Gandhighat,2019-05-15,47.94,25.61,85.13
STN_GNG_01,Ganga Patna Gandhighat,2019-05-16,47.45,25.61,85.13
STN_GNG_01,Ganga Patna Gandhighat,2019-05-17,47.11,25.61,85.13
STN_GNG_01,Ganga Patna Gandhighat,2019-05-18,47.58,25.61,85.13
STN_GNG_01,Ganga Patna Gandhighat,2019-05-19,47.25,25.61,85.13
STN_GNG_01,Ganga Patna Gandhighat,2019-05-20,48.36,25.61,85.13
STN_GNG_01,Ganga Patna Gandhighat,2019-05-21,48.6,25.61,85.13
STN_GNG_01,Ganga Patna Gandhighat,2019-05-22,48.73,25.61,85.13
STN_GNG_01,Ganga Patna Gandhighat,2019-05-23,48.43,25.61,85.13
STN_GNG_01,Ganga Patna Gandhighat,2019-05-24,48.76,25.61,85.13
STN_GNG_01,Ganga Patna Gandhighat,2019-05-25,48.58,25.61,85.13
STN_GNG_01,Ganga Patna Gandhighat,2019-05-26,48.68,25.61,85.13
STN_GNG_01,Ganga Patna Gandhighat,2019-05-27,49.76,25.61,85.13
STN_GNG_01,Ganga Patna Gandhighat,2019-05-28,49.77,25.61,85.13
STN_GNG_01,Ganga Patna Gandhighat,2019-05-29,50.28,25.61,85.13
STN_GNG_01,Ganga Patna Gandhighat,2019-05-30,50.05,25.61,85.13
STN_GNG_01,Ganga Patna Gandhighat,2019-05-31,50.08,25.61,85.13
STN_GNG_01,Ganga Patna Gandhighat,2019-06-01,50.84,25.61,85.13
STN_GNG_01,Ganga Patna Gandhighat,2019-06-02,50.64,25.61,85.13
STN_GNG_01,Ganga Patna Gandhighat,2019-06-03,51.42,25.61,85.13
STN_GNG_01,Ganga Patna Gandhighat,2019-06-04,51.75,25.61,85.13
STN_GNG_01,Ganga Patna Gandhighat,2019-06-05,51.57,25.61,85.13
STN_GNG_01,Ganga Patna Gandhighat,2019-06-06,51.88,25.61,85.13
STN_GNG_01,Ganga Patna Gandhighat,2019-06-07,52.32,25.61,85.13
STN_GNG_01,Ganga Patna Gandhighat,2019-06-08,52.61,25.61,85.13
STN_GNG_01,Ganga Patna Gandhighat,2019-06-09,52.04,25.61,85.13
STN_GNG_01,Ganga Patna Gandhighat,2019-06-10,51.8,25.61,85.13
STN_GNG_01,Ganga Patna Gandhighat,2019-06-11,51.75,25.61,85.13
STN_GNG_01,Ganga Patna Gandhighat,2019-06-12,51.77,25.61,85.13
STN_GNG_01,Ganga Patna Gandhighat,2019-06-13,52.06,25.61,85.13
STN_GNG_01,Ganga Patna Gandhighat,2019-06-14,52.19,25.61,85.13
STN_GNG_01,Ganga Patna Gandhighat,2019-06-15,51.7,25.61,85.13
STN_GNG_01,Ganga Patna Gandhighat,2019-06-16,51.9,25.61,85.13
STN_GNG_01,Ganga Patna Gandhighat,2019-06-17,52.2,25.61,85.13
STN_GNG_01,Ganga Patna Gandhighat,2019-06-18,52.47,25.61,85.13
STN_GNG_01,Ganga Patna Gandhighat,2019-06-19,52.95,25.61,85.13
STN_GNG_01,Ganga Patna Gandhighat,2019-06-20,53.34,25.61,85.13
STN_GNG_01,Ganga Patna Gandhighat,2019-06-21,53.57,25.61,85.13
STN_GNG_01,Ganga Patna Gandhighat,2019-06-22,53.59,25.61,85.13
STN_GNG_01,Ganga Patna Gandhighat,2019-06-23,52.98,25.61,85.13
STN_GNG_01,Ganga Patna Gandhighat,2019-06-24,53.2,25.61,85.13
STN_GNG_01,Ganga Patna Gandhighat,2019-06-25,53.33,25.61,85.13
STN_GNG_01,Ganga Patna Gandhighat,2019-06-26,53.49,25.61,85.13
STN_GNG_01,Ganga Patna Gandhighat,2019-06-27,53.03,25.61,85.13
STN_GNG_01,Ganga Patna Gandhighat,2019-06-28,52.65,25.61,85.13
STN_GNG_01,Ganga Patna Gandhighat,2019-06-29,53.12,25.61,85.13
STN_GNG_01,Ganga Patna Gandhighat,2019-06-30,53.15,25.61,85.13
STN_GNG_01,Ganga Patna Gandhighat,2019-07-01,53.48,25.61,85.13
STN_GNG_01,Ganga Patna Gandhighat,2019-07-02,53.54,25.61,85.13
STN_GNG_01,Ganga Patna Gandhighat,2019-07-03,53.6,25.61,85.13
STN_GNG_01,Ganga Patna Gandhighat,2019-07-04,54.03,25.61,85.13
STN_GNG_01,Ganga Patna Gandhighat,2019-07-05,53.87,25.61,85.13
STN_GNG_01,Ganga Patna Gandhighat,2019-07-06,53.96,25.61,85.13
STN_GNG_01,Ganga Patna Gandhighat,2019-07-07,53.82,25.61,85.13
STN_GNG_01,Ganga Patna Gandhighat,2019-07-08,53.7,25.61,85.13
STN_GNG_01,Ganga Patna Gandhighat,2019-07-09,53.63,25.61,85.13
STN_GNG_01,Ganga Patna Gandhighat,2019-07-10,53.76,25.61,85.13
STN_GNG_01,Ganga Patna Gandhighat,2019-07-11,53.62,25.61,85.13
STN_GNG_01,Ganga Patna Gandhighat,2019-07-12,54.18,25.61,85.13
STN_GNG_01,Ganga Patna Gandhighat,2019-07-13,53.87,25.61,85.13
STN_GNG_01,Ganga Patna Gandhighat,2019-07-14,53.84,25.61,85.13
STN_GNG_01,Ganga Patna Gandhighat,2019-07-15,53.72,25.61,85.13
STN_GNG_01,Ganga Patna Gandhighat,2019-07-16,54.35,25.61,85.13
STN_GNG_01,Ganga Patna Gandhighat,2019-07-17,54.47,25.61,85.13
STN_GNG_01,Ganga Patna Gandhighat,2019-07-18,54.94,25.61,85.13
STN_GNG_01,Ganga Patna Gandhighat,2019-07-19,54.39,25.61,85.13
STN_GNG_01,Ganga Patna Gandhighat,2019-07-20,54.55,25.61,85.13
STN_GNG_01,Ganga Patna Gandhighat,2019-07-21,54.96,25.61,85.13
STN_GNG_01,Ganga Patna Gandhighat,2019-07-22,55.04,25.61,85.13
STN_GNG_01,Ganga Patna Gandhighat,2019-07-23,55.51,25.61,85.13
STN_GNG_01,Ganga Patna Gandhighat,2019-07-24,55.36,25.61,85.13
STN_GNG_01,Ganga Patna Gandhighat,2019-07-25,55.97,25.61,85.13
STN_GNG_01,Ganga Patna Gandhighat,2019-07-26,56.94,25.61,85.13
STN_GNG_01,Ganga Patna Gandhighat,2019-07-27,56.85,25.61,85.13
STN_GNG_01,Ganga Patna Gandhighat,2019-07-28,56.72,25.61,85.13
STN_GNG_01,Ganga Patna Gandhighat,2019-07-29,57.35,25.61,85.13
STN_GNG_01,Ganga Patna Gandhighat,2019-07-30,58.03,25.61,85.13
STN_GNG_01,Ganga Patna Gandhighat,2019-07-31,57.87,25.61,85.13
STN_GNG_01,Ganga Patna Gandhighat,2019-08-01,57.75,25.61,85.13
STN_GNG_01,Ganga Patna Gandhighat,2019-08-02,57.69,25.61,85.13
STN_GNG_01,Ganga Patna Gandhighat,2019-08-03,57.2,25.61,85.13
STN_GNG_01,Ganga Patna Gandhighat,2019-08-04,56.89,25.61,85.13
STN_GNG_01,Ganga Patna Gandhighat,2019-08-05,56.53,25.61,85.13
STN_GNG_01,Ganga Patna Gandhighat,2019-08-06,56.28,25.61,85.13
STN_GNG_01,Ganga Patna Gandhighat,2019-08-07,56.31,25.61,85.13
STN_GNG_01,Ganga Patna Gandhighat,2019-08-08,56.46,25.61,85.13
STN_GNG_01,Ganga Patna Gandhighat,2019-08-09,57.13,25.61,85.13
STN_GNG_01,Ganga Patna Gandhighat,2019-08-10,56.78,25.61,85.13
STN_GNG_01,Ganga Patna Gandhighat,2019-08-11,57.22,25.61,85.13
STN_GNG_01,Ganga Patna Gandhighat,2019-08-12,57.19,25.61,85.13
STN_GNG_01,Ganga Patna Gandhighat,2019-08-13,57.22,25.61,85.13
STN_GNG_01,Ganga Patna Gandhighat,2019-08-14,57.54,25.61,85.13
STN_GNG_01,Ganga Patna Gandhighat,2019-08-15,57.14,25.61,85.13
STN_GNG_01,Ganga Patna Gandhighat,2019-08-16,57.34,25.61,85.13
STN_GNG_01,Ganga Patna Gandhighat,2019-08-17,57.46,25.61,85.13
STN_GNG_01,Ganga Patna Gandhighat,2019-08-18,57.7,25.61,85.13
STN_GNG_01,Ganga Patna Gandhighat,2019-08-19,57.87,25.61,85.13
STN_GNG_01,Ganga Patna Gandhighat,2019-08-20,58.9,25.61,85.13
STN_GNG_01,Ganga Patna Gandhighat,2019-08-21,58.7,25.61,85.13
STN_GNG_01,Ganga Patna Gandhighat,2019-08-22,58.53,25.61,85.13
STN_GNG_01,Ganga Patna Gandhighat,2019-08-23,58.33,25.61,85.13
STN_GNG_01,Ganga Patna Gandhighat,2019-08-24,58.16,25.61,85.13
STN_GNG_01,Ganga Patna Gandhighat,2019-08-25,57.96,25.61,85.13
STN_GNG_01,Ganga Patna Gandhighat,2019-08-26,58.48,25.61,85.13
STN_GNG_01,Ganga Patna Gandhighat,2019-08-27,59.1,25.61,85.13
STN_GNG_01,Ganga Patna Gandhighat,2019-08-28,58.92,25.61,85.13
STN_GNG_01,Ganga Patna Gandhighat,2019-08-29,58.64,25.61,85.13
STN_GNG_01,Ganga Patna Gandhighat,2019-08-30,58.88,25.61,85.13
STN_GNG_01,Ganga Patna Gandhighat,2019-08-31,58.71,25.61,85.13
STN_GNG_01,Ganga Patna Gandhighat,2019-09-01,59.01,25.61,85.13
STN_GNG_01,Ganga Patna Gandhighat,2019-09-02,59.14,25.61,85.13
STN_GNG_01,Ganga Patna Gandhighat,2019-09-03,58.59,25.61,85.13
STN_GNG_01,Ganga Patna Gandhighat,2019-09-04,59.25,25.61,85.13
STN_GNG_01,Ganga Patna Gandhighat,2019-09-05,60.02,25.61,85.13
STN_GNG_01,Ganga Patna Gandhighat,2019-09-06,59.83,25.61,85.13
STN_GNG_01,Ganga Patna Gandhighat,2019-09-07,59.72,25.61,85.13
STN_GNG_01,Ganga Patna Gandhighat,2019-09-08,59.89,25.61,85.13
STN_GNG_01,Ganga Patna Gandhighat,2019-09-09,60.07,25.61,85.13
STN_GNG_01,Ganga Patna Gandhighat,2019-09-10,60.38,25.61,85.13
STN_GNG_01,Ganga Patna Gandhighat,2019-09-11,61.24,25.61,85.13
STN_GNG_01,Ganga Patna Gandhighat,2019-09-12,61.22,25.61,85.13
STN_GNG_01,Ganga Patna Gandhighat,2019-09-13,60.95,25.61,85.13
STN_GNG_01,Ganga Patna Gandhighat,2019-09-14,60.45,25.61,85.13
STN_GNG_01,Ganga Patna Gandhighat,2019-09-15,60.2,25.61,85.13
STN_GNG_01,Ganga Patna Gandhighat,2019-09-16,60.24,25.61,85.13
STN_GNG_01,Ganga Patna Gandhighat,2019-09-17,61.01,25.61,85.13
STN_GNG_01,Ganga Patna Gandhighat,2019-09-18,60.85,25.61,85.13
STN_GNG_01,Ganga Patna Gandhighat,2019-09-19,60.99,25.61,85.13
STN_GNG_01,Ganga Patna Gandhighat,2019-09-20,61.03,25.61,85.13
STN_GNG_01,Ganga Patna Gandhighat,2019-09-21,61.56,25.61,85.13
STN_GNG_01,Ganga Patna Gandhighat,2019-09-22,62.62,25.61,85.13
STN_GNG_01,Ganga Patna Gandhighat,2019-09-23,62.46,25.61,85.13
STN_GNG_01,Ganga Patna Gandhighat,2019-09-24,62.31,25.61,85.13
STN_GNG_01,Ganga Patna Gandhighat,2019-09-25,62.78,25.61,85.13
STN_GNG_01,Ganga Patna Gandhighat,2019-09-26,63.1,25.61,85.13
STN_GNG_01,Ganga Patna Gandhighat,2019-09-27,63.89,25.61,85.13
STN_GNG_01,Ganga Patna Gandhighat,2019-09-28,64.18,25.61,85.13
STN_GNG_01,Ganga Patna Gandhighat,2019-09-29,64.08,25.61,85.13
STN_GNG_01,Ganga Patna Gandhighat,2019-09-30,64.37,25.61,85.13
STN_GNG_01,Ganga Patna Gandhighat,2019-10-01,64.86,25.61,85.13
STN_GNG_01,Ganga Patna Gandhighat,2019-10-02,65.24,25.61,85.13
STN_GNG_01,Ganga Patna Gandhighat,2019-10-03,65.49,25.61,85.13
STN_GNG_01,Ganga Patna Gandhighat,2019-10-04,65.97,25.61,85.13
STN_GNG_01,Ganga Patna Gandhighat,2019-10-05,66.49,25.61,85.13
STN_GNG_01,Ganga Patna Gandhighat,2019-10-06,67.09,25.61,85.13
STN_GNG_01,Ganga Patna Gandhighat,2019-10-07,67.4,25.61,85.13
STN_GNG_01,Ganga Patna Gandhighat,2019-10-08,67.38,25.61,85.13
STN_GNG_01,Ganga Patna Gandhighat,2019-10-09,67.49,25.61,85.13
STN_GNG_01,Ganga Patna Gandhighat,2019-10-10,68.02,25.61,85.13
STN_GNG_01,Ganga Patna Gandhighat,2019-10-11,67.75,25.61,85.13
STN_GNG_01,Ganga Patna Gandhighat,2019-10-12,67.94,25.61,85.13
STN_GNG_01,Ganga Patna Gandhighat,2019-10-13,67.84,25.61,85.13
STN_GNG_01,Ganga Patna Gandhighat,2019-10-14,67.9,25.61,85.13
STN_GNG_01,Ganga Patna Gandhighat,2019-10-15,68.46,25.61,85.13
STN_GNG_01,Ganga Patna Gandhighat,2019-10-16,68.59,25.61,85.13
STN_GNG_01,Ganga Patna Gandhighat,2019-10-17,68.65,25.61,85.13
STN_GNG_01,Ganga Patna Gandhighat,2019-10-18,68.16,25.61,85.13
STN_GNG_01,Ganga Patna Gandhighat,2019-10-19,68.51,25.61,85.13
STN_GNG_01,Ganga Patna Gandhighat,2019-10-20,68.82,25.61,85.13
STN_GNG_01,Ganga Patna Gandhighat,2019-10-21,69.73,25.61,85.13
STN_GNG_01,Ganga Patna Gandhighat,2019-10-22,69.66,25.61,85.13
STN_GNG_01,Ganga Patna Gandhighat,2019-10-23,69.8,25.61,85.13
STN_GNG_01,Ganga Patna Gandhighat,2019-10-24,69.95,25.61,85.13
STN_GNG_01,Ganga Patna Gandhighat,2019-10-25,70.63,25.61,85.13
STN_GNG_01,Ganga Patna Gandhighat,2019-10-26,70.64,25.61,85.13
STN_GNG_01,Ganga Patna Gandhighat,2019-10-27,70.8,25.61,85.13
STN_GNG_01,Ganga Patna Gandhighat,2019-10-28,71.09,25.61,85.13
STN_GNG_01,Ganga Patna Gandhighat,2019-10-29,71.22,25.61,85.13
STN_GNG_01,Ganga Patna Gandhighat,2019-10-30,71.09,25.61,85.13
STN_GNG_01,Ganga Patna Gandhighat,2019-10-31,71.22,25.61,85.13
STN_SON_01,Son Dehri Station,2019-05-01,38.48,24.91,84.18
STN_SON_01,Son Dehri Station,2019-05-02,38.12,24.91,84.18
STN_SON_01,Son Dehri Station,2019-05-03,38.22,24.91,84.18
STN_SON_01,Son Dehri Station,2019-05-04,37.99,24.91,84.18
STN_SON_01,Son Dehri Station,2019-05-05,38.52,24.91,84.18
STN_SON_01,Son Dehri Station,2019-05-06,37.96,24.91,84.18
STN_SON_01,Son Dehri Station,2019-05-07,37.79,24.91,84.18
STN_SON_01,Son Dehri Station,2019-05-08,37.99,24.91,84.18
STN_SON_01,Son Dehri Station,2019-05-09,38.66,24.91,84.18
STN_SON_01,Son Dehri Station,2019-05-10,38.69,24.91,84.18
STN_SON_01,Son Dehri Station,2019-05-11,38.52,24.91,84.18
STN_SON_01,Son Dehri Station,2019-05-12,39.32,24.91,84.18
STN_SON_01,Son Dehri Station,2019-05-13,38.79,24.91,84.18
STN_SON_01,Son Dehri Station,2019-05-14,37.96,24.91,84.18
STN_SON_01,Son Dehri Station,2019-05-15,38.19,24.91,84.18
STN_SON_01,Son Dehri Station,2019-05-16,38.03,24.91,84.18
STN_SON_01,Son Dehri Station,2019-05-17,37.68,24.91,84.18
STN_SON_01,Son Dehri Station,2019-05-18,38.01,24.91,84.18
STN_SON_01,Son Dehri Station,2019-05-19,38.16,24.91,84.18
STN_SON_01,Son Dehri Station,2019-05-20,37.98,24.91,84.18
STN_SON_01,Son Dehri Station,2019-05-21,37.52,24.91,84.18
STN_SON_01,Son Dehri Station,2019-05-22,37.92,24.91,84.18
STN_SON_01,Son Dehri Station,2019-05-23,38.23,24.91,84.18
STN_SON_01,Son Dehri Station,2019-05-24,38.24,24.91,84.18
STN_SON_01,Son Dehri Station,2019-05-25,39.03,24.91,84.18
STN_SON_01,Son Dehri Station,2019-05-26,38.65,24.91,84.18
STN_SON_01,Son Dehri Station,2019-05-27,38.09,24.91,84.18
STN_SON_01,Son Dehri Station,2019-05-28,37.86,24.91,84.18
STN_SON_01,Son Dehri Station,2019-05-29,37.89,24.91,84.18
STN_SON_01,Son Dehri Station,2019-05-30,38.04,24.91,84.18
STN_SON_01,Son Dehri Station,2019-05-31,38.0,24.91,84.18
STN_SON_01,Son Dehri Station,2019-06-01,38.19,24.91,84.18
STN_SON_01,Son Dehri Station,2019-06-02,37.74,24.91,84.18
STN_SON_01,Son Dehri Station,2019-06-03,38.36,24.91,84.18
STN_SON_01,Son Dehri Station,2019-06-04,38.38,24.91,84.18
STN_SON_01,Son Dehri Station,2019-06-05,38.88,24.91,84.18
STN_SON_01,Son Dehri Station,2019-06-06,39.06,24.91,84.18
STN_SON_01,Son Dehri Station,2019-06-07,39.3,24.91,84.18
STN_SON_01,Son Dehri Station,2019-06-08,39.57,24.91,84.18
STN_SON_01,Son Dehri Station,2019-06-09,39.8,24.91,84.18
STN_SON_01,Son Dehri Station,2019-06-10,40.11,24.91,84.18
STN_SON_01,Son Dehri Station,2019-06-11,40.69,24.91,84.18
STN_SON_01,Son Dehri Station,2019-06-12,40.82,24.91,84.18
STN_SON_01,Son Dehri Station,2019-06-13,41.15,24.91,84.18
STN_SON_01,Son Dehri Station,2019-06-14,41.17,24.91,84.18
STN_SON_01,Son Dehri Station,2019-06-15,41.79,24.91,84.18
STN_SON_01,Son Dehri Station,2019-06-16,41.57,24.91,84.18
STN_SON_01,Son Dehri Station,2019-06-17,42.34,24.91,84.18
STN_SON_01,Son Dehri Station,2019-06-18,42.38,24.91,84.18
STN_SON_01,Son Dehri Station,2019-06-19,41.86,24.91,84.18
STN_SON_01,Son Dehri Station,2019-06-20,41.96,24.91,84.18
STN_SON_01,Son Dehri Station,2019-06-21,41.73,24.91,84.18
STN_SON_01,Son Dehri Station,2019-06-22,42.12,24.91,84.18
STN_SON_01,Son Dehri Station,2019-06-23,41.91,24.91,84.18
STN_SON_01,Son Dehri Station,2019-06-24,41.78,24.91,84.18
STN_SON_01,Son Dehri Station,2019-06-25,41.08,24.91,84.18
STN_SON_01,Son Dehri Station,2019-06-26,40.94,24.91,84.18
STN_SON_01,Son Dehri Station,2019-06-27,40.03,24.91,84.18
STN_SON_01,Son Dehri Station,2019-06-28,39.44,24.91,84.18
STN_SON_01,Son Dehri Station,2019-06-29,39.8,24.91,84.18
STN_SON_01,Son Dehri Station,2019-06-30,40.16,24.91,84.18
STN_SON_01,Son Dehri Station,2019-07-01,40.38,24.91,84.18
STN_SON_01,Son Dehri Station,2019-07-02,40.04,24.91,84.18
STN_SON_01,Son Dehri Station,2019-07-03,40.07,24.91,84.18
STN_SON_01,Son Dehri Station,2019-07-04,40.12,24.91,84.18
STN_SON_01,Son Dehri Station,2019-07-05,39.71,24.91,84.18
STN_SON_01,Son Dehri Station,2019-07-06,40.36,24.91,84.18
STN_SON_01,Son Dehri Station,2019-07-07,40.76,24.91,84.18
STN_SON_01,Son Dehri Station,2019-07-08,40.72,24.91,84.18
STN_SON_01,Son Dehri Station,2019-07-09,40.78,24.91,84.18
STN_SON_01,Son Dehri Station,2019-07-10,40.92,24.91,84.18
STN_SON_01,Son Dehri Station,2019-07-11,40.15,24.91,84.18
STN_SON_01,Son Dehri Station,2019-07-12,40.1,24.91,84.18
STN_SON_01,Son Dehri Station,2019-07-13,39.88,24.91,84.18
STN_SON_01,Son Dehri Station,2019-07-14,39.53,24.91,84.18
STN_SON_01,Son Dehri Station,2019-07-15,39.47,24.91,84.18
STN_SON_01,Son Dehri Station,2019-07-16,40.24,24.91,84.18
STN_SON_01,Son Dehri Station,2019-07-17,40.54,24.91,84.18
STN_SON_01,Son Dehri Station,2019-07-18,40.36,24.91,84.18
STN_SON_01,Son Dehri Station,2019-07-19,40.64,24.91,84.18
STN_SON_01,Son Dehri Station,2019-07-20,41.25,24.91,84.18
STN_SON_01,Son Dehri Station,2019-07-21,41.67,24.91,84.18
STN_SON_01,Son Dehri Station,2019-07-22,41.75,24.91,84.18
STN_SON_01,Son Dehri Station,2019-07-23,41.54,24.91,84.18
STN_SON_01,Son Dehri Station,2019-07-24,41.87,24.91,84.18
STN_SON_01,Son Dehri Station,2019-07-25,42.07,24.91,84.18
STN_SON_01,Son Dehri Station,2019-07-26,42.48,24.91,84.18
STN_SON_01,Son Dehri Station,2019-07-27,42.79,24.91,84.18
STN_SON_01,Son Dehri Station,2019-07-28,43.26,24.91,84.18
STN_SON_01,Son Dehri Station,2019-07-29,43.09,24.91,84.18
STN_SON_01,Son Dehri Station,2019-07-30,43.67,24.91,84.18
STN_SON_01,Son Dehri Station,2019-07-31,43.8,24.91,84.18
STN_SON_01,Son Dehri Station,2019-08-01,44.68,24.91,84.18
STN_SON_01,Son Dehri Station,2019-08-02,44.45,24.91,84.18
STN_SON_01,Son Dehri Station,2019-08-03,45.2,24.91,84.18
STN_SON_01,Son Dehri Station,2019-08-04,45.33,24.91,84.18
STN_SON_01,Son Dehri Station,2019-08-05,45.12,24.91,84.18
STN_SON_01,Son Dehri Station,2019-08-06,44.97,24.91,84.18
STN_SON_01,Son Dehri Station,2019-08-07,44.89,24.91,84.18
STN_SON_01,Son Dehri Station,2019-08-08,45.11,24.91,84.18
STN_SON_01,Son Dehri Station,2019-08-09,45.37,24.91,84.18
STN_SON_01,Son Dehri Station,2019-08-10,45.19,24.91,84.18
STN_SON_01,Son Dehri Station,2019-08-11,45.23,24.91,84.18
STN_SON_01,Son Dehri Station,2019-08-12,46.14,24.91,84.18
STN_SON_01,Son Dehri Station,2019-08-13,46.88,24.91,84.18
STN_SON_01,Son Dehri Station,2019-08-14,47.11,24.91,84.18
STN_SON_01,Son Dehri Station,2019-08-15,47.17,24.91,84.18
STN_SON_01,Son Dehri Station,2019-08-16,47.27,24.91,84.18
STN_SON_01,Son Dehri Station,2019-08-17,47.56,24.91,84.18
STN_SON_01,Son Dehri Station,2019-08-18,47.2,24.91,84.18
STN_SON_01,Son Dehri Station,2019-08-19,47.15,24.91,84.18
STN_SON_01,Son Dehri Station,2019-08-20,46.53,24.91,84.18
STN_SON_01,Son Dehri Station,2019-08-21,46.74,24.91,84.18
STN_SON_01,Son Dehri Station,2019-08-22,47.05,24.91,84.18
STN_SON_01,Son Dehri Station,2019-08-23,46.91,24.91,84.18
STN_SON_01,Son Dehri Station,2019-08-24,47.59,24.91,84.18
STN_SON_01,Son Dehri Station,2019-08-25,47.15,24.91,84.18
STN_SON_01,Son Dehri Station,2019-08-26,46.61,24.91,84.18
STN_SON_01,Son Dehri Station,2019-08-27,46.75,24.91,84.18
STN_SON_01,Son Dehri Station,2019-08-28,47.22,24.91,84.18
STN_SON_01,Son Dehri Station,2019-08-29,47.95,24.91,84.18
STN_SON_01,Son Dehri Station,2019-08-30,47.81,24.91,84.18
STN_SON_01,Son Dehri Station,2019-08-31,48.29,24.91,84.18
STN_SON_01,Son Dehri Station,2019-09-01,48.33,24.91,84.18
STN_SON_01,Son Dehri Station,2019-09-02,48.31,24.91,84.18
STN_SON_01,Son Dehri Station,2019-09-03,48.71,24.91,84.18
STN_SON_01,Son Dehri Station,2019-09-04,49.02,24.91,84.18
STN_SON_01,Son Dehri Station,2019-09-05,48.44,24.91,84.18
STN_SON_01,Son Dehri Station,2019-09-06,49.08,24.91,84.18
STN_SON_01,Son Dehri Station,2019-09-07,49.69,24.91,84.18
STN_SON_01,Son Dehri Station,2019-09-08,49.49,24.91,84.18
STN_SON_01,Son Dehri Station,2019-09-09,49.69,24.91,84.18
STN_SON_01,Son Dehri Station,2019-09-10,49.94,24.91,84.18
STN_SON_01,Son Dehri Station,2019-09-11,50.1,24.91,84.18
STN_SON_01,Son Dehri Station,2019-09-12,49.93,24.91,84.18
STN_SON_01,Son Dehri Station,2019-09-13,49.71,24.91,84.18
STN_SON_01,Son Dehri Station,2019-09-14,49.75,24.91,84.18
STN_SON_01,Son Dehri Station,2019-09-15,50.27,24.91,84.18
STN_SON_01,Son Dehri Station,2019-09-16,50.53,24.91,84.18
STN_SON_01,Son Dehri Station,2019-09-17,50.43,24.91,84.18
STN_SON_01,Son Dehri Station,2019-09-18,50.79,24.91,84.18
STN_SON_01,Son Dehri Station,2019-09-19,49.7,24.91,84.18
STN_SON_01,Son Dehri Station,2019-09-20,50.21,24.91,84.18
STN_SON_01,Son Dehri Station,2019-09-21,49.57,24.91,84.18
STN_SON_01,Son Dehri Station,2019-09-22,49.47,24.91,84.18
STN_SON_01,Son Dehri Station,2019-09-23,49.07,24.91,84.18
STN_SON_01,Son Dehri Station,2019-09-24,48.61,24.91,84.18
STN_SON_01,Son Dehri Station,2019-09-25,49.12,24.91,84.18
STN_SON_01,Son Dehri Station,2019-09-26,48.98,24.91,84.18
STN_SON_01,Son Dehri Station,2019-09-27,49.17,24.91,84.18
STN_SON_01,Son Dehri Station,2019-09-28,49.2,24.91,84.18
STN_SON_01,Son Dehri Station,2019-09-29,49.44,24.91,84.18
STN_SON_01,Son Dehri Station,2019-09-30,49.53,24.91,84.18
STN_SON_01,Son Dehri Station,2019-10-01,49.06,24.91,84.18
STN_SON_01,Son Dehri Station,2019-10-02,49.51,24.91,84.18
STN_SON_01,Son Dehri Station,2019-10-03,49.36,24.91,84.18
STN_SON_01,Son Dehri Station,2019-10-04,48.79,24.91,84.18
STN_SON_01,Son Dehri Station,2019-10-05,48.67,24.91,84.18
STN_SON_01,Son Dehri Station,2019-10-06,49.32,24.91,84.18
STN_SON_01,Son Dehri Station,2019-10-07,49.71,24.91,84.18
STN_SON_01,Son Dehri Station,2019-10-08,49.62,24.91,84.18
STN_SON_01,Son Dehri Station,2019-10-09,49.53,24.91,84.18
STN_SON_01,Son Dehri Station,2019-10-10,49.45,24.91,84.18
STN_SON_01,Son Dehri Station,2019-10-11,50.33,24.91,84.18
STN_SON_01,Son Dehri Station,2019-10-12,50.54,24.91,84.18
STN_SON_01,Son Dehri Station,2019-10-13,50.76,24.91,84.18
STN_SON_01,Son Dehri Station,2019-10-14,51.22,24.91,84.18
STN_SON_01,Son Dehri Station,2019-10-15,51.37,24.91,84.18
STN_SON_01,Son Dehri Station,2019-10-16,51.31,24.91,84.18
STN_SON_01,Son Dehri Station,2019-10-17,51.28,24.91,84.18
STN_SON_01,Son Dehri Station,2019-10-18,51.3,24.91,84.18
STN_SON_01,Son Dehri Station,2019-10-19,51.34,24.91,84.18
STN_SON_01,Son Dehri Station,2019-10-20,51.68,24.91,84.18
STN_SON_01,Son Dehri Station,2019-10-21,51.75,24.91,84.18
STN_SON_01,Son Dehri Station,2019-10-22,52.09,24.91,84.18
STN_SON_01,Son Dehri Station,2019-10-23,52.11,24.91,84.18
STN_SON_01,Son Dehri Station,2019-10-24,52.19,24.91,84.18
STN_SON_01,Son Dehri Station,2019-10-25,51.44,24.91,84.18
STN_SON_01,Son Dehri Station,2019-10-26,51.86,24.91,84.18
STN_SON_01,Son Dehri Station,2019-10-27,52.05,24.91,84.18
STN_SON_01,Son Dehri Station,2019-10-28,52.5,24.91,84.18
STN_SON_01,Son Dehri Station,2019-10-29,51.39,24.91,84.18
STN_SON_01,Son Dehri Station,2019-10-30,52.28,24.91,84.18
STN_SON_01,Son Dehri Station,2019-10-31,52.27,24.91,84.18
